"scientific_name","species_group","internal_score","external_mean_score","internal_comment","external_comment","overall_min_score","overall_mean_score"
"Abramis.brama","fish",3,2.5,"","Reviewer 1: Model underestimates presence between southwestern and Åland islands.",2.5,2.75
"Agonus.cataphractus","fish",3,3,"",NA,3,3
"Alburnus.alburnus","fish",3,2.5,"",NA,2.5,2.75
"Alosa.fallax","fish",2,2.5,"",NA,2,2.25
"Amblyraja.radiata","fish",3,1.5,"","Reviewer 1: Baltic occurrences seem incorrect. | Reviewer 2: Species not present in Bothnian Bay and northern Baltic Sea.",1.5,2.25
"Ammodytes.marinus","fish",2,2,"Likely overestimates presences in the Baltic. Low number of positive cases (presences) in model training data.","Reviewer 1: Might overestimate for the Finnish Archipelago Sea",2,2
"Ammodytes.tobianus","fish",1,1.6666666666666667,"","Reviewer 1: Range seems ok, unsure about fine scale distribution particularly in Bothnian sea. | Reviewer 2: Should be present in the Bothnian Bay as well, even though rare | Reviewer 3: Species present in eastern Gulf of Finland in Finnish coats and also in Bothnian Bay in the north. This model is not representing this. Also The Archipelago Sea in very much under represented in this, where we have this species fairly common.",1,1.3333333333333335
"Anguilla.anguilla","fish",1,2,"Underestimates the distribution in the Baltic.","Reviewer 1: Somewhat underpredicted in the Baltic? | Reviewer 2: The basis of this map is unclear. Is it possible to present this kind of fish species migrating through as a distribution map. Key areas are in complitely different areas.",1,1.5
"Aphia.minuta","fish",3,3,"",NA,3,3
"Argentina.sphyraena","fish",1,1,"Overestimated in the Baltic based on a few presences (caused by GAM) although with low confidence.","Reviewer 1: Baltic occurrences seem incorrect. | Reviewer 2: This species is NOT present in northern Baltic Sea, at least not in Finland.",1,1
"Arnoglossus.laterna","fish",3,3,"","Reviewer 1: Absent with high confidence in Bothnian bay/sea",3,3
"Belone.belone","fish",3,3,"",NA,3,3
"Blicca.bjoerkna","fish",3,2.5,"","Reviewer 1: Overpredicted in Bothnian Sea / Bay?",2.5,2.75
"Buglossidium.luteum","fish",3,3,"",NA,3,3
"Callionymus.lyra","fish",3,3,"",NA,3,3
"Callionymus.maculatus","fish",3,2,"","Reviewer 1: Occurrences in Baltic seem incorrect, and perhaps somewhat overpredicted in Kattegat?",2,2.5
"Carassius.carassius","fish",2,2.3333333333333335,"Low number of positive cases (presences) in model training data.","Reviewer 1: Not very common in Finnish coast.",2,2.166666666666667
"Centrolabrus.exoletus","fish",1,1,"Dramatically overestimates in the Baltic Proper and Gulf of Bothnia where it does not occur. This is caused by overprediction in the GAM models.","Reviewer 1: Baltic occurrences seem incorrect. | Reviewer 2: Does not occure in Finalnd to our knowledge | Reviewer 3: Not present in northern Baltic Sea",1,1
"Chelidonichthys.lucerna","fish",3,3,"",NA,3,3
"Ciliata.mustela","fish",3,1.5,"","Reviewer 1: Absent with high confidence in the Baltic and unsure  about finescale distribution? | Reviewer 2: Not present in northern Baltic Sea | Reviewer 3: Not present in northern Baltic Sea. Suggestion, do not present yellow color in final maps, as this is confusing, only precense.",1.5,2.25
"Clupea.harengus","fish",3,3,"",NA,3,3
"Coregonus.albula","fish",3,2.5,"","Reviewer 1: Could be a green or a yellow...",2.5,2.75
"Coregonus.maraena","fish",2,1.5,"","Reviewer 1: Difficult to asses, range seems ok, unsure about the fine scale predictions. | Reviewer 2: River-spawning and sea-spawning whitefish should be presented in separate maps!",1.5,1.75
"Cottus.gobio","fish",2,2,"Low number of positive cases (presences) in model training data.","Reviewer 1: ok (green or yellow??) | Reviewer 2: Presnce only in shallow stony shores, not in open sea.",2,2
"Ctenolabrus.rupestris","fish",3,3,"","Reviewer 1: Though absent from most of the Baltic with high confidence?",3,3
"Cyclopterus.lumpus","fish",3,1.5,"","Reviewer 1: Underpredicted in Kattegat and possibly in northern Baltic? | Reviewer 2: The map is underestimating the precense in Finnish coastal area, present also in Helsinki level and Archipelago Sea.",1.5,2.25
"Enchelyopus.cimbrius","fish",3,2,"","Reviewer 1: range seems ok, unsure about fine scale distribution",2,2.5
"Engraulis.encrasicolus","fish",3,2,"","Reviewer 1: range seems ok, unsure about fine scale distribution",2,2.5
"Entelurus.aequoreus","fish",3,2,"","Reviewer 1: range seems ok, unsure about fine scale distribution",2,2.5
"Esox.lucius","fish",3,2.5,"","Reviewer 1: Somewhat underestimating presence in inner archipelago and estuaries.",2.5,2.75
"Eutrigla.gurnardus","fish",3,1,"","Reviewer 1: Occurrences in Baltic seem incorrect. | Reviewer 2: Does not occur in Finland to our knowledge | Reviewer 3: NOT present in Finnish coast!!! Where do you get the data?",1,2
"Gadus.morhua","fish",3,2.3333333333333335,"","Reviewer 1: Is the representation sufficiently good to describe the distribution of cod in the Åland Sea? See this article: https://doi.org/10.1093/icesjms/fsaf197  | Reviewer 2: Occasionally present in Gulf of Finland, Achipelago sea and Bothnian Sea.",2.3333333333333335,2.666666666666667
"Gasterosteus.aculeatus","fish",3,2.5,"",NA,2.5,2.75
"Glyptocephalus.cynoglossus","fish",3,2.5,"","Reviewer 1: absent with high confidence in the Baltic | Reviewer 2: Not present in northern Baltic Sea",2.5,2.75
"Gobius.niger","fish",1,2,"Underestimates the distribution in the Baltic.","Reviewer 1: Underpredicted in the Baltic  (and particularly coastally)?? | Reviewer 2: Common from eastern Gulf of Finland to Pori level in Finnish coast.",1,1.5
"Gymnocephalus.cernua","fish",3,3,"",NA,3,3
"Hippoglossoides.platessoides","fish",3,3,"",NA,3,3
"Hyperoplus.immaculatus","fish",2,1.5,"Low number of positive cases (presences) in model training data.","Reviewer 1: Marine fish and more likely to occur in Kattegat, if at all? Baltic occurrences seem incorrect. | Reviewer 2: Not in Finnish sea area",1.5,1.75
"Hyperoplus.lanceolatus","fish",3,2,"","Reviewer 1: At least in Gulf of Finland more common and in coastal areas that this map is showing.",2,2.5
"Labrus.bergylta","fish",3,2,"","Reviewer 1: distribution sort of ok, unsure about fine scale patterns",2,2.5
"Lampetra.fluviatilis","fish",2,2.5,"Underestimated in Kattegat and Skagerrak.","Reviewer 1: Difficult to asses, range seems ok, unsure about the fine scale predictions.",2,2.25
"Lepidorhombus.whiffiagonis","fish",2,2,"Low number of positive cases (presences) in model training data.","Reviewer 1: Difficult to assess, unsure about high confidence predictions (maybe a red?)",2,2
"Leptoclinus.maculatus","fish",1,1,"Overestimates in the Baltic. Low number of positive cases (presences) in model training data.","Reviewer 1: map doesn't seem to have captured distribution/occurrence | Reviewer 2: Does not occur in Finland to our knowledge | Reviewer 3: NOT present in northern Baltic Sea.",1,1
"Lesueurigobius.friesii","fish",3,1,"","Reviewer 1: occurrences in the  Baltic seem incorrect | Reviewer 2: NOT present in northern Baltic sea.",1,2
"Leuciscus.idus","fish",3,3,"",NA,3,3
"Leuciscus.leuciscus","fish",3,2.5,"",NA,2.5,2.75
"Limanda.limanda","fish",3,2.6666666666666665,"","Reviewer 1: Not present in Åland area.",2.6666666666666665,2.833333333333333
"Liparis.liparis","fish",2,2,"","Reviewer 1: Difficult to asses, range seems ok, unsure about the fine scale predictions | Reviewer 2: Not present in Bothnian Bay | Reviewer 3: Not present in Bothnian Bay?",2,2
"Lophius.piscatorius","fish",2,1.3333333333333333,"Low number of positive cases (presences) in model training data.","Reviewer 1: Occurrences in Baltic seem incorrect. | Reviewer 2: Should not occur in the Bothnian Bay | Reviewer 3: NOT present in the Bothnian Bay of Finnish coast!",1.3333333333333333,1.6666666666666665
"Lota.lota","fish",2,2,"Low number of positive cases (presences) in model training data.","Reviewer 1: range seems ok, unsure about fine scale distribution. | Reviewer 2: Underestimating presence in Finnish coast and Archipelago Sea",2,2
"Lumpenus.lampretaeformis","fish",3,2,"","Reviewer 1: range ok, but unsure about distribution, difficult to assess. | Reviewer 2: Underestimating the Archipelago Sea presence",2,2.5
"Lycodes.vahlii","fish",1,1,"Overestimates in the central and northern Baltic.","Reviewer 1: Baltic occurrences seem incorrect. | Reviewer 2: Does not occur in Finland to our konwledge | Reviewer 3: NOT present in northern Baltic Sea",1,1
"Maurolicus.muelleri","fish",3,1.5,"","Reviewer 1: ok, though absent with high confidence in the Baltic? | Reviewer 2: Confirm, not present in northern Baltic Sea",1.5,2.25
"Melanogrammus.aeglefinus","fish",3,2,"","Reviewer 1: ok, though absent with high confidence in most of the Baltic (northern areas)? | Reviewer 2: Not in northern Baltic Sea",2,2.5
"Merlangius.merlangus","fish",3,2,"","Reviewer 1: Not in northern Baltic Sea",2,2.5
"Merluccius.merluccius","fish",1,1,"Overestimates in the Baltic, although with low confidence. Caused by the GAM.","Reviewer 1: occurrences in the  Baltic seem incorrect | Reviewer 2: Does not occur in Finland to our knowledge, at least not this commonly | Reviewer 3: NOT in northern Baltic Sea!!!",1,1
"Micromesistius.poutassou","fish",2,1.5,"Low number of positive cases (presences) in model training data.","Reviewer 1: ok, though absences in the Baltic should be high confidence",1.5,1.75
"Microstomus.kitt","fish",3,1.5,"","Reviewer 1: ok, though majority of occurrences in Baltic unlikely",1.5,2.25
"Molva.molva","fish",2,1,"Low number of positive cases (presences) in model training data.","Reviewer 1: Baltic occurrences seem incorrect. | Reviewer 2: Does not occur in Finland to our knowledge | Reviewer 3: Not in northern Baltic Sea! Where do you get this data??",1,1.5
"Mullus.surmuletus","fish",2,3,"",NA,2,2.5
"Myoxocephalus.quadricornis","fish",3,2.5,"","Reviewer 1: range seems ok, unsure about fine scale distribution (yellow or green??)",2.5,2.75
"Myoxocephalus.scorpius","fish",3,2,"","Reviewer 1: Could occur further north, and unsure about fine scale distribution | Reviewer 2: Underestimating presence at least from Helsinki to Kvarken area. Common in coastal Finnish areas.",2,2.5
"Myxine.glutinosa","fish",3,3,"",NA,3,3
"Neogobius.melanostomus","fish",3,2,"","Reviewer 1: Should occur more commonly in the Gulf of Finland and further north to some extent along the coast to bothnian bay | Reviewer 2: Very common in Finnish coast from east to Oulu level.",2,2.5
"Nerophis.ophidion","fish",2,1.5,"Underestimates in Kattegat.","Reviewer 1: Doesn't seem to have captured range or distribution correctly. | Reviewer 2: Not common in open sea areas, more coastal.",1.5,1.75
"Osmerus.eperlanus","fish",3,2.5,"","Reviewer 1: range seems ok, unsure about fine scale distribution",2.5,2.75
"Perca.fluviatilis","fish",3,3,"",NA,3,3
"Pholis.gunnellus","fish",1,2,"Underestimates in the Baltic and GoB. Probably not caught well with gillnets.","Reviewer 1: underpredicted in the Baltic?",1,1.5
"Phoxinus.phoxinus","fish",3,2,"","Reviewer 1: range ok, but unsure about patterns in distribution. | Reviewer 2: Does occur along the whole Finnish coast, even though not common | Reviewer 3: Coastal rocky shore species, not in open sea. | Reviewer 4: Coastal rocky shore species, not in open sea. More present in coastal areas in Finland, than you can interpet from this map.",2,2.5
"Platichthys.flesus","fish",3,2.6666666666666665,"","Reviewer 1: Unsure about fine scale distribution (yellow or green)?? | Reviewer 2: Present also in Kotka area. Present in coastal areas of Gulf of Finland and Archipelago Sea.",2.6666666666666665,2.833333333333333
"Pleuronectes.platessa","fish",3,2.6666666666666665,"","Reviewer 1: Only few observations in southern Finnish coast.",2.6666666666666665,2.833333333333333
"Pollachius.pollachius","fish",3,3,"","Reviewer 1: unsure about fine scale distribution",3,3
"Pollachius.virens","fish",3,3,"","Reviewer 1: unsure about fine scale distributions",3,3
"Pomatoschistus.minutus","fish",3,2,"","Reviewer 1: range seems ok (possibly further north)? Unsure about patterns of distribution | Reviewer 2: Does occure along the whole Finnish coast and also close to the shore | Reviewer 3: Present in coastal areas, especially in Archipelago Sea and southern coast. Also present in northern part of Finland. Shallow areas, not open sea.",2,2.5
"Pungitius.pungitius","fish",3,2.5,"","Reviewer 1: unsure about the assessment.",2.5,2.75
"Rutilus.rutilus","fish",3,3,"",NA,3,3
"Salmo.salar","fish",2,2,"Underestimates in Kattegat and Skagerrak.","Reviewer 1: underpredicted in Kattegat - even if transitory area they can occur there. Otherwise ok, unsure about fine scale mapping of low and high confidence presences. | Reviewer 2: Why area the estuaries in yellow?? Also presence in Bothnian Bay why low confidence?",2,2
"Salmo.trutta","fish",2,1.5,"Likely underestimates overall, but main geographical distribution is reasonable.","Reviewer 1: looks ok, though unsure  about fine scale distribution mapping | Reviewer 2: This map is very unclear. Trout present in whole of Finnish coast, partly as stocked species. Map is not taking into account the estuaries at all.",1.5,1.75
"Sander.lucioperca","fish",3,3,"",NA,3,3
"Sardina.pilchardus","fish",2,1.5,"Low number of positive cases (presences) in model training data.","Reviewer 1: not sure, seems overpredicted. | Reviewer 2: Not in Finnish sea areas.",1.5,1.75
"Scardinius.erythrophthalmus","fish",3,3,"","Reviewer 1: range seems fine, unsure about fine scale distribution - generally ok?",3,3
"Scomber.scombrus","fish",3,2,"","Reviewer 1: range seems underpredicted in the Baltic - even if not abundant/common there?",2,2.5
"Scophthalmus.maximus","fish",3,2.5,"","Reviewer 1: range looks good, unsure about fine scale distribution - but still green | Reviewer 2: Present at least in Archipelago and southwest coast of Finland.",2.5,2.75
"Scophthalmus.rhombus","fish",3,2,"","Reviewer 1: Unsure about fine scale distribution | Reviewer 2: Not present in Finland.",2,2.5
"Scyliorhinus.canicula","fish",2,1.5,"Low number of positive cases (presences) in model training data.","Reviewer 1: Baltic occurrences seem incorrect. | Reviewer 2: Not in Finland!!",1.5,1.75
"Solea.solea","fish",3,2.5,"","Reviewer 1: Not in Finland",2.5,2.75
"Spinachia.spinachia","fish",1,1,"Underestimates in the Baltic.","Reviewer 1: Doesn't seem to have captured the Baltic range or distribution correctly.",1,1
"Sprattus.sprattus","fish",3,3,"","Reviewer 1: ok, though unsure of fine scale distribution patterns",3,3
"Squalus.acanthias","fish",3,1.5,"","Reviewer 1: ok, should be absent with high confidence from most of the Baltic, and unsure about fine scale distribution patterns | Reviewer 2: Not in Finnish sea areas.",1.5,2.25
"Symphodus.melops","fish",3,2.5,"","Reviewer 1: ok, should be absent with high confidence from most of the Baltic, and unsure about fine scale distribution patterns",2.5,2.75
"Syngnathus.acus","fish",3,2,"","Reviewer 1: ok, should be absent with high confidence from most of the Baltic | Reviewer 2: Not in Finland",2,2.5
"Syngnathus.rostellatus","fish",2,1.5,"Low number of positive cases (presences) in model training data.","Reviewer 1: Overpredicted in the Baltic (?) and unsure about fine scale distributions | Reviewer 2: Not in northern Baltic Sea",1.5,1.75
"Syngnathus.typhle","fish",1,1.3333333333333333,"Underestimates in the Baltic, especially in coastal areas.","Reviewer 1: model doesn't feel like it has captured species distribution and range | Reviewer 2: Does our along the Finnish coast up to the Kvarken region | Reviewer 3: Common in Finnish COASTAL areas  southwest coast and less common from Pyhtää to Vaasa.",1,1.1666666666666665
"Taurulus.bubalis","fish",3,2,"","Reviewer 1: range ok, not sure about fine scale distribution (yellow or green??) | Reviewer 2: Underestimating Finnish coastal area where this species is common from Helsinki to Pori level. In shallow areas.",2,2.5
"Tinca.tinca","fish",3,2.5,"","Reviewer 1: overpredicted in the Bothnian Sea? | Reviewer 2: somewhat overpredicted in the Bothnian Sea? | Reviewer 3: somewhat overpredicted in the Bothnian Sea (maybe a green)?",2.5,2.75
"Trachinus.draco","fish",3,3,"",NA,3,3
"Trachurus.trachurus","fish",3,2,"",NA,2,2.5
"Trisopterus.esmarkii","fish",3,2,"",NA,2,2.5
"Trisopterus.minutus","fish",3,2,"","Reviewer 1: Not in northern Baltic Sea",2,2.5
"Vimba.vimba","fish",3,2,"","Reviewer 1: unsure about range... | Reviewer 2: Not so common in northern part of Finnish coast",2,2.5
"Zoarces.viviparus","fish",3,2.5,"","Reviewer 1: unsure  about fine scale predictions",2.5,2.75
"Acrochaetium.secundatum","macrophytes",1,1,"Swedish west coast missing in predictions.","Reviewer 1: overpredicted – not distributed on soft bottom",1,1
"Aegagropila.linnaei","macrophytes",3,3,"","Reviewer 1: New name: Aegagropila brownii ",3,3
"Agarophyton.vermiculophyllum","macrophytes",1,2,"Swedish west coast missing in predictions. Low number of positive cases (presences) in model training data.","Reviewer 1: overpredicted – not distributed in deeper waters; neophyte; difficult to model as distribution depends on spread along shipping routes (all german occurences are near harbours in shallow waters) | Reviewer 2: New name: Gracilaria vermiculophylla. Prediction on SE west coast consistent with Artfakta. Is low confidence absence in the Baltic correct? ",1,1.5
"Aglaothamnion.tenuissimum","macrophytes",2,2,"Southeast coast of Sweden underpredicted and/or southeast Baltic possibly overpredicted.","Reviewer 1: overpredicted – not distributed on soft bottom | Reviewer 2: Agree with modeller",2,2
"Ahnfeltia.plicata","macrophytes",3,2,"","Reviewer 1: slightly overpredicted – not distributed on soft bottom; marine species, only along the open coastline; 95 % in western Baltic Sea | Reviewer 2: Occur in the Baltic according to Artfakta & at least to Bornholm according to Tolstoy (rare further north).   Tolstoy, A. & Österlund, K. (2003). Alger vid Sveriges östersjökust. Uppsala: ArtDatabanken, SLU.  ",2,2.5
"Alisma.wahlenbergii","macrophytes",3,3,"","Reviewer 1: Reasonable. https://www.gbif.org/species/2865134. Freshwater species are difficult to compare to Artfakta as they also cover land and is in a quite coarse grid For all vascular plants and charophytes: Does not occur in marine waters on the west coast of SE. Any occurence would be in freshwater outflows. Where is the limit for the modelling?  ",3,3
"Apoglossum.ruscifolium","macrophytes",2,2,"Low number of positive cases (presences) in model training data.","Reviewer 1: Looks ok but difficult to assess.",2,2
"Ascophyllum.nodosum","macrophytes",3,2,"","Reviewer 1: marine species, presumably not distributed further into the Baltic Sea than Belt Sea and Kattegat based on salinity requirements | Reviewer 2: Common along the Swedish west coast to the Sound. Predictions in the inner parts of Stockholm and Bråviken unlikely (although dubious presences are recorded https://www.gbif.org/species/3196524).    ",2,2.5
"Asperococcus.bullosus","macrophytes",3,2,"","Reviewer 1: Predictions on SE west coast missing.    ",2,2.5
"Batrachospermum","macrophytes",2,2,"Low number of positive cases (presences) in model training data.","Reviewer 1: borderline species to freshwater; not in marine monitoring | Reviewer 2: Name: Batrachospermum gelatinosum. Dubious in the Szczecin lagoon (but not my area of expertise).   Tolstoy, A. & Österlund, K. (2003). Alger vid Sveriges östersjökust. Uppsala: ArtDatabanken, SLU.  ",2,2
"Battersia.arctica","macrophytes",3,2,"","Reviewer 1: eventually a seldom case of avoidance of higher temperatures | Reviewer 2: Should occur sparsely on the Swedish west coast. Low confidence absence should be high confidence absence for large parts of the Baltic.  Tolstoy, A. & Österlund, K. (2003). Alger vid Sveriges östersjökust. Uppsala: ArtDatabanken, SLU.  ",2,2.5
"Bolboschoenus.maritimus","macrophytes",3,3,"","Reviewer 1: Absent (high confidence) along the open coastline and in deeper areas of all bays (incl. Bodden), estuaries and Schlei fjord; borderline species to terrestrial ecosystem like Phragmites australis, only distributions along the shoreline | Reviewer 2: Freshwater species are difficult to compare to Artfakta as they also cover land and is in a quite coarse grid For all vascular plants and charophytes: Does not occur in marine waters on the west coast of SE. Any occurence would be in freshwater outflows. Where is the limit for the modelling?  ",3,3
"Bonnemaisonia.asparagoides","macrophytes",3,2,"","Reviewer 1: neophyte; not reached Germany yet but looking to Kattegat eventually a marine species with difficulties to spresd further into the Baltic | Reviewer 2: Occurs sparsely in Kattegat.  Absences in the Baltic should be high confidence. https://www.gbif.org/species/2668875.    ",2,2.5
"Bonnemaisonia.hamifera","macrophytes",2,2,"Underprediction at the Swedish west coast.","Reviewer 1: overpredicted – not distributed on soft bottom; neophyte; not reached Germany yet but looking to Kattegat eventually a marine species with difficulties to spresd further into the Baltic | Reviewer 2: IAS. Underpredicted along the coast (compare artfakta). No occurences in Öresund or further into the Baltic. https://www.gbif.org/species/2668884.    ",2,2
"Bryopsis.hypnoides","macrophytes",3,2.5,"","Reviewer 1: overpredicted – not distributed on soft bottom | Reviewer 2: Looks OK for Sweden.     | Reviewer 3: DE: Areas with Present are too large: overprediction in the southwestern Baltic Sea.",2.5,2.75
"Bryopsis.plumosa","macrophytes",3,3,"","Reviewer 1: slightly overpredicted – not distributed on soft bottom; prediction is better compared to Bryopsis hypnoides | Reviewer 2: Looks OK for Sweden.    ",3,3
"Butomus.umbellatus","macrophytes",2,2,"Low number of positive cases (presences) in model training data.","Reviewer 1: Absent (high confidence) along the open coastline and in deeper areas of all bays (incl. Bodden), estuaries and Schlei fjord; borderline species to terrestrial ecosystem like Phragmites australis, only distributions along the shoreline | Reviewer 2: Agree with modeller. Freshwater species are difficult to compare to Artfakta as they also cover land and is in a quite coarse grid For all vascular plants and charophytes: Does not occur in marine waters on the west coast of SE. Any occurence would be in freshwater outflows. Where is the limit for the modelling?  ",2,2
"Callithamnion.corymbosum","macrophytes",2,2,"Potential overprediction in southeast Baltic.","Reviewer 1: overpredicted – not distributed on soft bottom | Reviewer 2: Looks OK for Sweden, agree with modeller.    ",2,2
"Callithamnion.tetragonum","macrophytes",2,2,"Low number of positive cases (presences) in model training data.","Reviewer 1: marine species, only open coastline and western Baltic Sea | Reviewer 2: Weird band throught Kattegat and Skagerrak.    ",2,2
"Callitriche.hermaphroditica","macrophytes",3,2.5,"","Reviewer 1: Looks OK for Sweden. Freshwater species are difficult to compare to Artfakta as they also cover land and is in a quite coarse grid For all vascular plants and charophytes: Does not occur in marine waters on the west coast of SE. Any occurence would be in freshwater outflows. Where is the limit for the modelling?   | Reviewer 2: Should occur more commonly along the Finnish coast",2.5,2.75
"Callitriche.palustris","macrophytes",3,2.5,"","Reviewer 1: borderline species to freshwater | Reviewer 2: Looks OK for Sweden. Freshwater species are difficult to compare to Artfakta as they also cover land and is in a quite coarse grid For all vascular plants and charophytes: Does not occur in marine waters on the west coast of SE. Any occurence would be in freshwater outflows. Where is the limit for the modelling?   | Reviewer 3: Should occur more commonly along the Finnish coast",2.5,2.75
"Caltha.palustris","macrophytes",2,2.5,"Should probably not occur in Denmark.","Reviewer 1: borderline species to freshwater | Reviewer 2: Looks OK for Sweden. Freshwater species are difficult to compare to Artfakta as they also cover land and is in a quite coarse grid. Low confidence absences in middle of BB a bit weird. For all vascular plants and charophytes: Does not occur in marine waters on the west coast of SE. Any occurence would be in freshwater outflows. Where is the limit for the modelling? | Reviewer 3: Agree with modeller, does occur in DK but not likely in marine waters. https://www.gbif.org/species/5371685. Looks OK for Sweden. Freshwater species are difficult to compare to Artfakta as they also cover land and is in a quite coarse grid. Low confidence absences in middle of BB a bit weird. For all vascular plants and charophytes: Does not occur in marine waters on the west coast of SE. Any occurence would be in freshwater outflows. Where is the limit for the modelling?",2,2.25
"Ceramium.diaphanum","macrophytes",2,2,"Potential overprediction in southeast Baltic. Low number of positive cases (presences) in model training data.","Reviewer 1: Absent (low confidence) overpredicted; Absent (high confidence) should be comparable to the class in Ceramium tenuicorne | Reviewer 2: Should occur along SE east coast to Stockholm.    ",2,2
"Ceramium.tenuicorne","macrophytes",3,3,"","Reviewer 1: slightly overpredicted – not distributed on soft bottom and in deeper waters | Reviewer 2: Looks OK for Sweden.   Tolstoy, A. & Österlund, K. (2003). Alger vid Sveriges östersjökust. Uppsala: ArtDatabanken, SLU.  ",3,3
"Ceramium.virgatum","macrophytes",3,3,"","Reviewer 1: slightly overpredicted – not distributed on soft bottom | Reviewer 2: Looks OK for Sweden.   Tolstoy, A. & Österlund, K. (2003). Alger vid Sveriges östersjökust. Uppsala: ArtDatabanken, SLU.  ",3,3
"Ceratophyllum.demersum","macrophytes",3,2.5,"","Reviewer 1: underpredicted in some German areas | Reviewer 2: Should occur further north. Freshwater species are difficult to compare to Artfakta as they also cover land and is in a quite coarse grid For all vascular plants and charophytes: Does not occur in marine waters on the west coast of SE. Any occurence would be in freshwater outflows. Where is the limit for the modelling?  ",2.5,2.75
"Chaetomorpha.linum","macrophytes",3,2,"","Reviewer 1: Ubiquist – grouping does not make sense | Reviewer 2: Occurs to southern Bothnian Sea according to Tolstoy.   Tolstoy, A. & Österlund, K. (2003). Alger vid Sveriges östersjökust. Uppsala: ArtDatabanken, SLU.   | Reviewer 3: The model seems to overestimate. Quite few actual observations on the Finnish coast, but also poorly known, so might be overlooked in mappings as well",2,2.5
"Chaetomorpha.melagonium","macrophytes",3,2,"","Reviewer 1: overpredicted – not distributed on soft bottom | Reviewer 2: Occurs sparesly in the Baltic proper (Tolstoy).   Tolstoy, A. & Österlund, K. (2003). Alger vid Sveriges östersjökust. Uppsala: ArtDatabanken, SLU.  ",2,2.5
"Chaetopteris.plumosa","macrophytes",1,1.5,"Swedish west coast missing in predictions.","Reviewer 1: overpredicted – not distributed on soft bottom | Reviewer 2: Absences in mid BP and GoB should be high confidence..     | Reviewer 3: Agree with modeller. Absences in mid BP and GoB should be high confidence..    ",1,1.25
"Chara.aspera","macrophytes",3,2.5,"","Reviewer 1: Absent (high confidence) along the open coastline; underpredicted in some bays (incl. Bodden) with Present (low confidence) even though numerous current records exist; numerous records also in areas where the map shows Present (low confidence), never at higher exposures | Reviewer 2: Could possibly occur very scarcely on the SE west coast (Artfakta)+ Should definitely occur in the entire SE BP-coast (Tolstoy).  For all vascular plants and charophytes: Does not occur in marine waters on the west coast of SE. Any occurence would be in freshwater outflows. Where is the limit for the modelling? Tolstoy, A. & Österlund, K. (2003). Alger vid Sveriges östersjökust. Uppsala: ArtDatabanken, SLU.  ",2.5,2.75
"Chara.baltica","macrophytes",3,2,"","Reviewer 1: Absent (high confidence) along the open coastline; never at higher exposures | Reviewer 2: Should occur to northern BB (Tolstoy).  For all vascular plants and charophytes: Does not occur in marine waters on the west coast of SE. Any occurence would be in freshwater outflows. Where is the limit for the modelling? Tolstoy, A. & Österlund, K. (2003). Alger vid Sveriges östersjökust. Uppsala: ArtDatabanken, SLU.   | Reviewer 3: DE: all the yellow to red model cells along the outer German coastline should be Absent (high confidence). The abiotic parameter exposure could be very helpful for this species, as it only occurs in sheltered meso- to oligohaline bays. Like for Zostera I recommend using the occurrence data from the HELCOM Red List Project for the confidence assessment.",2,2.5
"Chara.braunii","macrophytes",3,3,"",NA,3,3
"Chara.canescens","macrophytes",3,2.5,"","Reviewer 1: Absent (high confidence) along the open coastline; underpredicted in some bays (Saaler Bodden) with Present (low confidence) even though numerous current records exist; overpredicted in other bays, estuaries (Peenestrom, Kleines Haff); never at higher exposures, no current records in Peenestrom and Kleines Haff (however categorized with Present (high confidence) in the map | Reviewer 2: For all vascular plants and charophytes: Does not occur in marine waters on the west coast of SE. Any occurence would be in freshwater outflows. Where is the limit for the modelling? Tolstoy, A. & Österlund, K. (2003). Alger vid Sveriges östersjökust. Uppsala: ArtDatabanken, SLU.   | Reviewer 3: DE: all the yellow to red model cells along the outer German coastline should be Absent (high confidence). The abiotic parameter exposure could be very helpful for this species, as it only occurs in sheltered meso- to oligohaline bays. Like for Zostera I recommend using the occurrence data from the HELCOM Red List Project for the confidence assessment.",2.5,2.75
"Chara.connivens","macrophytes",3,3,"","Reviewer 1: Absent (high confidence) along the open coastline; neophyte | Reviewer 2: For all vascular plants and charophytes: Does not occur in marine waters on the west coast of SE. Any occurence would be in freshwater outflows. Where is the limit for the modelling? Tolstoy, A. & Österlund, K. (2003). Alger vid Sveriges östersjökust. Uppsala: ArtDatabanken, SLU.  ",3,3
"Chara.horrida","macrophytes",3,3,"","Reviewer 1: underpredicted/missing for Germany even though records exist; only in Darß-Zingst-Bodden Chain | Reviewer 2: For all vascular plants and charophytes: Does not occur in marine waters on the west coast of SE. Any occurence would be in freshwater outflows. Where is the limit for the modelling? Tolstoy, A. & Österlund, K. (2003). Alger vid Sveriges östersjökust. Uppsala: ArtDatabanken, SLU.  ",3,3
"Chara.tomentosa","macrophytes",3,2,"","Reviewer 1: underpredicted/missing for Germany even though records exist; in eastern Bodden (Darß-Zingst-Bodden Chain, estuaries (northern Peenestrom) and coastal lakes at Greifswald Bodden | Reviewer 2: DE: German distribution areas appear not to have been taken into account. Like for Zostera I recommend using the occurrence data from the HELCOM Red List Project for the confidence assessment.",2,2.5
"Chara.virgata","macrophytes",3,3,"","Reviewer 1: not in marine monitoring | Reviewer 2: Absences in mid BB should be high confidence.",3,3
"Chondrus.crispus","macrophytes",3,2.5,"","Reviewer 1: overpredicted – not distributed on soft bottom; marine species, only open coastline and western Baltic Sea | Reviewer 2: Looks OK for Sweden.     | Reviewer 3: DE: Areas with Present are too large: overprediction in the southwestern and -eastern Baltic Sea.",2.5,2.75
"Chorda.filum","macrophytes",3,3,"","Reviewer 1: Ubiquist – grouping does not make sense",3,3
"Chordaria.flagelliformis","macrophytes",3,3,"","Reviewer 1: slightly overpredicted – not distributed in inner bays (incl. Bodden), estuaries and Schlei Fjord; marine species, only open coastline and western Baltic Sea",3,3
"Cicuta.virosa","macrophytes",3,3,"","Reviewer 1: Freshwater species are difficult to compare to Artfakta as they also cover land and is in a quite coarse grid.",3,3
"Cladophora.rupestris","macrophytes",3,3,"","Reviewer 1: overpredicted – not distributed in inner bays (incl. Bodden), estuaries and Schlei Fjord | Reviewer 2: OK. Tolstoy, A. & Österlund, K. (2003). Alger vid Sveriges östersjökust. Uppsala: ArtDatabanken, SLU.  ",3,3
"Cladophora.sericea","macrophytes",2,2,"Potential overprediction in southeast Baltic.","Reviewer 1: Ubiquist – grouping does not make sense | Reviewer 2: OK. Sparse occurence along SE BP coast (https://artfakta.se/taxa/232830/karta).    ",2,2
"Coccotylus.Phyllophora","macrophytes",3,2.5,"","Reviewer 1: overpredicted – not distributed on soft bottom; not in inner bays (incl. Bodden), estuaries and Schlei Fjord | Reviewer 2: Tolstoy, A. & Österlund, K. (2003). Alger vid Sveriges östersjökust. Uppsala: ArtDatabanken, SLU.   | Reviewer 3: DE: Areas with Present (High confidence) are far too large - overprediction in the southwestern and -eastern Baltic Sea.",2.5,2.75
"Codium.fragile","macrophytes",1,1,"Swedish west coast missing in predictions.","Reviewer 1: neophyte; not reached Germany yet but looking to Kattegat eventually a marine species with difficulties to spresd further into the Baltic | Reviewer 2: IAS. Agree with modeller.    ",1,1
"Colaconema.daviesii","macrophytes",3,2,"","Reviewer 1: overpredicted – not distributed on soft bottom | Reviewer 2: Few occurences in SE closer to coast https://artfakta.se/taxa/232530/karta.    ",2,2.5
"Colaconema.nemalionis","macrophytes",2,1,"Potential overprediction in southeast Baltic. Low number of positive cases (presences) in model training data.","Reviewer 1: marine species, presumably not distributed further into the Baltic Sea than Belt Sea and Kattegat based on salinity requirements | Reviewer 2: Name: Colaconema nemalii  . Cannot find documentation for Sweden.    ",1,1.5
"Colaconema.pectinatum","macrophytes",2,1,"Low number of positive cases (presences) in model training data.","Reviewer 1: marine species, presumably not distributed further into the Baltic Sea than Belt Sea and Kattegat based on salinity requirements; taxonomic mismatch? Valid name: Grania pectinata | Reviewer 2: Colaconema thureti?. Extremely rare on SE west coast https://artfakta.se/taxa/232532/karta.",1,1.5
"Corallina.officinalis","macrophytes",3,3,"","Reviewer 1: marine species, presumably not distributed further into the Baltic Sea than Belt Sea and Kattegat based on salinity requirements",3,3
"Crassula.aquatica","macrophytes",3,2,"","Reviewer 1: OK. Dubious prediction around Laesö, but I am not certain. Seems correct for SE. Freshwater species are difficult to compare to Artfakta as they also cover land and is in a quite coarse grid For all vascular plants and charophytes: Does not occur in marine waters on the west coast of SE. Any occurence would be in freshwater outflows. Where is the limit for the modelling?  ",2,2.5
"Cruoria.pellita","macrophytes",3,3,"","Reviewer 1: overpredicted – not distributed on soft bottom | Reviewer 2: Looks OK for Sweden.    ",3,3
"Cystoclonium.purpureum","macrophytes",3,2.5,"","Reviewer 1: slightly overpredicted – not distributed on soft bottom | Reviewer 2: Looks OK for Sweden. | Reviewer 3: DE: Areas with Present are too large: overprediction in the southwestern and -eastern Baltic Sea.",2.5,2.75
"Dasya.baillouviana","macrophytes",2,3,"Swedish west coast underpredicted.","Reviewer 1: overpredicted – not distributed on soft bottom and in deeper waters; neophyte; difficult to model as distribution depends on spread along shipping routes | Reviewer 2: IAS. Looks OK for Sweden.",2,2.5
"Dasysiphonia.japonica","macrophytes",2,2,"Swedish west coast missing in predictions.","Reviewer 1: neophyte; not reached Germany yet but looking to Kattegat eventually a marine species with difficulties to spresd further into the Baltic | Reviewer 2: IAS. Coastal predictions missing, is large offshore area correct? https://artfakta.se/taxa/232621/karta.    ",2,2
"Delesseria.sanguinea","macrophytes",2,2,"Potential overprediction in southeast Baltic.","Reviewer 1: overpredicted – not distributed on soft bottom | Reviewer 2: Should occur in Skåne and Blekinge (tolstoy) https://artfakta.se/taxa/232618/karta.   Tolstoy, A. & Österlund, K. (2003). Alger vid Sveriges östersjökust. Uppsala: ArtDatabanken, SLU.   | Reviewer 3: DE: Areas with Present (High confidence) are far too large: overprediction also in the southwestern Baltic Sea.",2,2
"Derbesia.marina","macrophytes",2,2,"Low number of positive cases (presences) in model training data.","Reviewer 1: marine species, presumably not distributed further into the Baltic Sea than Belt Sea and Kattegat | Reviewer 2: Should barely occur in Kattegat https://artfakta.se/taxa/232838/karta.    ",2,2
"Desmarestia.aculeata","macrophytes",2,2,"Underprediction at the Swedish west coast.","Reviewer 1: overpredicted - not in inner bays (incl. Bodden), estuaries and Schlei Fjord and not in shallow waters; marine species, only open coastline and western Baltic Sea | Reviewer 2: Looks OK compared to artfakta https://artfakta.se/taxa/232734/karta.     | Reviewer 3: DE: Areas with Present are too large: overprediction in the southwestern and -eastern Baltic Sea.",2,2
"Desmarestia.viridis","macrophytes",2,2,"Southeast coast of Sweden underpredicted.","Reviewer 1: overpredicted – not distributed in inner bays (incl. Bodden), estuaries and Schlei Fjord; all from open coast, but also east of Darß Sill and in shallow waters | Reviewer 2: Agree with modeller.   Tolstoy, A. & Österlund, K. (2003). Alger vid Sveriges östersjökust. Uppsala: ArtDatabanken, SLU.  ",2,2
"Dictyosiphon.chordaria","macrophytes",2,2,"Low number of positive cases (presences) in model training data.","Reviewer 1: overpredicted – not distributed in inner bays (incl. Bodden), estuaries and Schlei Fjord; marine species, only open coastline and western Baltic Sea | Reviewer 2: Should occur to northern BS (Tolstoy)/https://artfakta.se/taxa/232658/karta.   Tolstoy, A. & Österlund, K. (2003). Alger vid Sveriges östersjökust. Uppsala: ArtDatabanken, SLU.  ",2,2
"Dictyosiphon.foeniculaceus","macrophytes",3,3,"","Reviewer 1: overpredicted – not distributed in deeper waters | Reviewer 2: Tolstoy, A. & Österlund, K. (2003). Alger vid Sveriges östersjökust. Uppsala: ArtDatabanken, SLU.  ",3,3
"Dilsea.carnosa","macrophytes",3,2,"","Reviewer 1: marine species, presumably not distributed further into the Baltic Sea than Belt Sea and Kattegat | Reviewer 2: Should occur to Öresund https://artfakta.se/taxa/232566/karta.    ",2,2.5
"Dumontia.contorta","macrophytes",3,NA,"","Reviewer 1: Absent (low confidence) should be Absent (high confidence); only along the open coastline",3,3
"Ectocarpus.Pylaiella","macrophytes",3,3,"","Reviewer 1: Ubiquist – grouping does not make sense | Reviewer 2: OK. Tolstoy, A. & Österlund, K. (2003). Alger vid Sveriges östersjökust. Uppsala: ArtDatabanken, SLU.  ",3,3
"Elachista.fucicola","macrophytes",3,2.5,"","Reviewer 1: overpredicted - not in inner bays (incl. Bodden), estuaries and Schlei Fjord and not in shallow waters; only along the open coastline | Reviewer 2: Should occur to the Northern Quark on the Finnish side (Tolstoy).   Tolstoy, A. & Österlund, K. (2003). Alger vid Sveriges östersjökust. Uppsala: ArtDatabanken, SLU. Dubious low confidence absences in mid Baltic (no fucus to grow on there) ",2.5,2.75
"Elatine.hydropiper","macrophytes",3,3,"","Reviewer 1: OK. Freshwater species are difficult to compare to Artfakta as they also cover land and is in a quite coarse grid",3,3
"Eleocharis.acicularis","macrophytes",3,3,"","Reviewer 1: OK. . Freshwater species are difficult to compare to Artfakta as they also cover land and is in a quite coarse grid | Reviewer 2: OK. Freshwater species are difficult to compare to Artfakta as they also cover land and is in a quite coarse grid",3,3
"Eleocharis.mamillata","macrophytes",3,2,"","Reviewer 1: Not in brackish or marine water. Difficult to assess. Freshwater species are difficult to compare to Artfakta as they also cover land and is in a quite coarse grid",2,2.5
"Eleocharis.palustris","macrophytes",3,2,"","Reviewer 1: borderline species to terrestrial ecosystem, only distributions along the shoreline | Reviewer 2: not in brakish or marine water. Should be more common along SE BP coast. Absences in mid BB should be high confidence.. Freshwater species are difficult to compare to Artfakta as they also cover land and is in a quite coarse grid",2,2.5
"Eleocharis.parvula","macrophytes",3,3,"","Reviewer 1: borderline species to terrestrial ecosystem, only distributions along the shoreline | Reviewer 2: . . Freshwater species are difficult to compare to Artfakta as they also cover land and is in a quite coarse grid For all vascular plants and charophytes: Does not occur in marine waters on the west coast of SE. Any occurence would be in freshwater outflows. Where is the limit for the modelling?  ",3,3
"Eleocharis.uniglumis","macrophytes",3,2,"","Reviewer 1: borderline species to terrestrial ecosystem, only distributions along the shoreline | Reviewer 2: Not in brackish or marine waters. Difficult to assess. Absences in mid BB should be high confidence.. Freshwater species are difficult to compare to Artfakta as they also cover land and is in a quite coarse grid For all vascular plants and charophytes: Does not occur in marine waters on the west coast of SE. Any occurence would be in freshwater outflows. Where is the limit for the modelling?",2,2.5
"Elodea.canadensis","macrophytes",3,2.5,"","Reviewer 1: neophyte; borderline species to freshwater | Reviewer 2: IAS. Difficult to assess. Freshwater species are difficult to compare to Artfakta as they also cover land and is in a quite coarse grid",2.5,2.75
"Elodea.nuttallii","macrophytes",2,2,"Low number of positive cases (presences) in model training data.","Reviewer 1: neophyte; borderline species to freshwater | Reviewer 2: IAS. Difficult to assess. Absences in mid BB should probably be high confidence.. Freshwater species are difficult to compare to Artfakta as they also cover land and is in a quite coarse grid | Reviewer 3: Not observed in Finland yet",2,2
"Epicladia.phillipsii","macrophytes",1,1,"Swedish west coast missing in predictions. Low number of positive cases (presences) in model training data.","Reviewer 1: overpredicted / – Absent (high confidence)?; not enough information for grouping or marine species, presumably not distributed further into the Baltic Sea than Belt Sea and Kattegat based on salinity requirements | Reviewer 2: ONE observation in SE https://artfakta.se/taxa/232788/karta.    ",1,1
"Equisetum.fluviatile","macrophytes",3,2,"","Reviewer 1: borderline species to terrestrial ecosystem, only distributions along the shoreline | Reviewer 2: Difficult to assess. Freshwater species are difficult to compare to Artfakta as they also cover land and is in a quite coarse grid For all vascular plants and charophytes: Does not occur in marine waters on the west coast of SE. Any occurence would be in freshwater outflows. Where is the limit for the modelling?  ",2,2.5
"Erythrodermis.traillii","macrophytes",2,2,"Prediction does not extend to Swedish west coast.","Reviewer 1: marine species, presumably not distributed further into the Baltic Sea than Belt Sea and Kattegat based on salinity requirements | Reviewer 2: Agree with modeller",2,2
"Erythrotrichia.carnea","macrophytes",3,3,"","Reviewer 1: overpredicted – not distributed on soft bottom; marine species, only open coastline and western Baltic Sea | Reviewer 2: https://www.gbif.org/species/2653871. Should be (confidently) absent from the Baltic..    ",3,3
"Eudesme.virescens","macrophytes",3,3,"","Reviewer 1: overpredicted - not in inner bays (incl. Bodden), estuaries and Schlei Fjord and not in shallow waters; spring species, often not assesable in summer monitoring campaigns | Reviewer 2: OK. .   Tolstoy, A. & Österlund, K. (2003). Alger vid Sveriges östersjökust. Uppsala: ArtDatabanken, SLU.  ",3,3
"Fissidens.fontanus","macrophytes",3,NA,"","Reviewer 1: OK?",3,3
"Fontinalis.antipyretica","macrophytes",3,NA,"","Reviewer 1: OK?",3,3
"Fontinalis.dalecarlica","macrophytes",3,2,"","Reviewer 1: Unlikely to occur in mid GoB, all absences there should be high confidence..    ",2,2.5
"Fontinalis.hypnoides","macrophytes",2,NA,"Low number of positive cases (presences) in model training data.","Reviewer 1: OK?",2,2
"Fucus.serratus","macrophytes",3,2.5,"","Reviewer 1: overpredicted - not in inner bays (incl. Bodden), estuaries and Schlei Fjord and not in shallow waters; marine species, only along the open coastline; 95 % in western Baltic Sea | Reviewer 2: DE: Areas with Present (High confidence) are far too large - overprediction in the southwestern Baltic Sea.",2.5,2.75
"Fucus.vesiculosus.radicans","macrophytes",3,3,"","Reviewer 1: difficult to model as for this macroalge exists are separate morphological form only distributed on soft bottom | Reviewer 2: OK. Tolstoy, A. & Österlund, K. (2003). Alger vid Sveriges östersjökust. Uppsala: ArtDatabanken, SLU.  ",3,3
"Furcellaria.lumbricalis","macrophytes",3,3,"","Reviewer 1: difficult to model as for this macroalge exists are separate morphological form only distributed on soft bottom and in Bodden and Schlei Fjord | Reviewer 2: Tolstoy, A. & Österlund, K. (2003). Alger vid Sveriges östersjökust. Uppsala: ArtDatabanken, SLU.  ",3,3
"Gaillona.hookeri","macrophytes",1,1.5,"Swedish west coast missing in predictions.","Reviewer 1: overpredicted – not distributed on soft bottom and not in shallow waters; marine species, only open coastline and western Baltic Sea | Reviewer 2: Occur along Swedish West coast https://artfakta.se/taxa/232595/karta. Agree with modeller.     | Reviewer 3: DE: Areas with Present are too large: overprediction in the southwestern and -eastern Baltic Sea.",1,1.25
"Gaillona.rosea","macrophytes",3,2,"","Reviewer 1: only few open coastline records in higher salinities, this is in contrast to occurrences from central and inner Baltic Sea; eventually a taxonomic issue | Reviewer 2: Should occur on the SE west coast https://artfakta.se/taxa/232596/karta.     | Reviewer 3: Seems to overestimate somewhat along the Finnaish coast. The distribution seems ok, but is not that a common species",2,2.5
"Grania.efflorescens","macrophytes",1,1,"Swedish west coast missing in predictions and potential overprediction in southeast Baltic. Low number of positive cases (presences) in model training data.","Reviewer 1: overpredicted – not distributed on soft bottom and not in shallow waters; marine species, only open coastline and western Baltic Sea | Reviewer 2: https://artfakta.se/taxa/232511/karta. Agree with modeller.    ",1,1
"Haemescharia.hennedyi","macrophytes",1,1,"Swedish west coast missing in predictions.","Reviewer 1: marine species, presumably not distributed further into the Baltic Sea than Belt Sea and Kattegat based on salinity requirements | Reviewer 2: Very few occurences in SE. https://artfakta.se/taxa/232572/karta.    ",1,1
"Halidrys.siliquosa","macrophytes",3,2,"","Reviewer 1: marine species, presumably not distributed further into the Baltic Sea than Belt Sea and Kattegat based on salinity requirements | Reviewer 2: Should occur in Öresund. https://artfakta.se/taxa/232760/karta.    ",2,2.5
"Halosiphon.tomentosus","macrophytes",2,2,"Swedish west coast underpredicted.","Reviewer 1: slightly overpredicted | Reviewer 2: SE BP coast unpredicted. https://artfakta.se/taxa/232751/karta.   Tolstoy, A. & Österlund, K. (2003). Alger vid Sveriges östersjökust. Uppsala: ArtDatabanken, SLU.  ",2,2
"Heterosiphonia.plumosa","macrophytes",2,2,"Low number of positive cases (presences) in model training data.","Reviewer 1: neophyte; not reached Germany yet but looking to Kattegat eventually a marine species with difficulties to spresd further into the Baltic | Reviewer 2: Looks OK for Sweden. https://artfakta.se/taxa/232622/karta.    ",2,2
"Hildenbrandia.rubra","macrophytes",1,1,"Should occur in the southern Baltic also.","Reviewer 1: underpredicted; crustose algae are not assessed in German marine monitoring | Reviewer 2: Should not occur north of Umeå according to Tolstoy https://artfakta.se/taxa/232536/karta.   Tolstoy, A. & Österlund, K. (2003). Alger vid Sveriges östersjökust. Uppsala: ArtDatabanken, SLU.  ",1,1
"Hippuris.tetraphylla","macrophytes",3,2.5,"","Reviewer 1: CR in Swedish Redlist 2025. https://artfakta.se/taxa/777/karta.  For all vascular plants and charophytes: Does not occur in marine waters on the west coast of SE. Any occurence would be in freshwater outflows. Where is the limit for the modelling?   | Reviewer 2: Might have to do with the resolution or coloring of the map, but should occur also e.g. in the Bothnian Sea and more commonly in the  Bothnian Bay",2.5,2.75
"Hippuris.vulgaris","macrophytes",3,NA,"","Reviewer 1: OK? Freshwater species are difficult to compare to Artfakta as they also cover land and is in a quite coarse grid",3,3
"Juncus.gerardii","macrophytes",3,3,"","Reviewer 1: borderline species to terrestrial ecosystem, only distributions along the shoreline | Reviewer 2: . Looks OK for Sweden. https://artfakta.se/taxa/222535/karta. Freshwater species are difficult to compare to Artfakta as they also cover land and is in a quite coarse grid For all vascular plants and charophytes: Does not occur in marine waters on the west coast of SE. Any occurence would be in freshwater outflows. Where is the limit for the modelling?",3,3
"Laminaria.digitata","macrophytes",3,3,"","Reviewer 1: Absent (low confidence) should be Absent (high conficendce); marine species, only open coastline and western Baltic Sea | Reviewer 2: Looks OK for Sweden. https://artfakta.se/taxa/232752/karta.     | Reviewer 3: DE: This fits comparably well to the occurrence. Model Parameters would fit very well to other  macroalgae species resulting in too lage ""Present"" areas like Phycodrys rubens or Membranoptera alata.",3,3
"Laminaria.hyperborea","macrophytes",2,2,"Swedish west coast potentially underpredicted.","Reviewer 1: marine species, presumably not distributed further into the Baltic Sea than Belt Sea and Kattegat based on salinity requirements | Reviewer 2: Agree with modeller. https://artfakta.se/taxa/232753/karta.    ",2,2
"Leathesia.marina","macrophytes",2,2,"Some overprediction in southeast Balti and possible underprediction in Swedish west coast.","Reviewer 1: overpredicted – not distributed on soft bottom and in deeper waters | Reviewer 2: Agree with modeller. https://artfakta.se/taxa/232680/karta.   Tolstoy, A. & Österlund, K. (2003). Alger vid Sveriges östersjökust. Uppsala: ArtDatabanken, SLU.  ",2,2
"Lemna.minor","macrophytes",2,2,"Swedish west coast prediction probably overestimated and model artefact.","Reviewer 1: borderline species to freshwater | Reviewer 2: Occur in bays and Lagoons along the Swedish Baltic coast. Difficult to assess whether it is in freshwater or in the actual sea (but it is a freshwater species). Maybe a bit under predicted in the bothnian bay? Offshore absences should be high confidence https://artfakta.se/taxa/219570/karta.  For all vascular plants and charophytes: Does not occur in marine waters on the west coast of SE. Any occurence would be in freshwater outflows. Where is the limit for the modelling?  ",2,2
"Lemna.trisulca","macrophytes",3,3,"","Reviewer 1: Looks ok for SE. https://artfakta.se/taxa/219572/karta. Freshwater species are difficult to compare to Artfakta as they also cover land and is in a quite coarse grid For all vascular plants and charophytes: Does not occur in marine waters on the west coast of SE. Any occurence would be in freshwater outflows. Where is the limit for the modelling?  ",3,3
"Limosella.aquatica","macrophytes",3,3,"","Reviewer 1: borderline species to terrestrial ecosystem, only distributions along the shoreline | Reviewer 2: Looks ok for SE. https://artfakta.se/taxa/220808/karta. Absences in mid BB should be high confidence.. Freshwater species are difficult to compare to Artfakta as they also cover land and is in a quite coarse grid For all vascular plants and charophytes: Does not occur in marine waters on the west coast of SE. Any occurence would be in freshwater outflows. Where is the limit for the modelling?  ",3,3
"Lithothamnion.glaciale","macrophytes",2,2,"Some underprediction in Swedish west coast.","Reviewer 1: marine species, presumably not distributed further into the Baltic Sea than Belt Sea and Kattegat based on salinity requirements | Reviewer 2: Agree with modeller.https://artfakta.se/taxa/232542/karta.   Tolstoy, A. & Österlund, K. (2003). Alger vid Sveriges östersjökust. Uppsala: ArtDatabanken, SLU.  ",2,2
"Lomentaria.clavellosa","macrophytes",2,2,"Some underprediction in Swedish west coast.","Reviewer 1: marine species, presumably not distributed further into the Baltic Sea than Belt Sea and Kattegat based on salinity requirements | Reviewer 2: Agree with modeller. https://artfakta.se/taxa/232591/karta.    ",2,2
"Meiodiscus.spetsbergensis","macrophytes",1,1,"Swedish west coast missing in predictions.","Reviewer 1: marine species, presumably not distributed further into the Baltic Sea than Belt Sea and Kattegat based on salinity requirements | Reviewer 2: Occur along the Swedish West coast. Agree with modeller. https://artfakta.se/taxa/232554/karta.    ",1,1
"Melobesia.membranacea","macrophytes",3,3,"","Reviewer 1: not enough information for grouping | Reviewer 2: Occur along the Swedish West coast. Ok for SE? https://artfakta.se/taxa/232544/karta.    ",3,3
"Membranoptera.alata","macrophytes",3,2.5,"","Reviewer 1: overpredicted – not distributed on soft bottom and not in shallow waters; marine species, only open coastline and western Baltic Sea | Reviewer 2: Looks ok for SE. https://artfakta.se/taxa/232624/karta.     | Reviewer 3: DE: Areas with Present (High confidence) are far too large. The areas should be similar to those of Laminaria digitata especially in the German western Baltic Sea. The Class Present (low confidence) is more like the class Absent (low confidence). | Reviewer 4: DE: Areas with Present (High confidence) are far too large. The areas should be similar to those of Laminaria digitata especially in the German western Baltic Sea. The Class Present (low confidence) is more like the class Absent (low confidence) - overprediction in the southwestern and -eastern Baltic Sea.",2.5,2.75
"Mesogloia.vermiculata","macrophytes",2,2,"Low number of positive cases (presences) in model training data.","Reviewer 1: overpredicted – not distributed on soft bottom and in deeper waters; marine species, presumably not distributed further into the Baltic Sea than Belt Sea and Kattegat | Reviewer 2: Not likely along the Swedish East coast. Agree with modeller. https://artfakta.se/taxa/232683/karta.    ",2,2
"Monostroma.balticum","macrophytes",3,3,"","Reviewer 1: Absent (low confidence) should be Absent (high confidence); not distributed along open coastline | Reviewer 2: Looks ok for SE. https://artfakta.se/taxa/232842/karta.   Tolstoy, A. & Österlund, K. (2003). Alger vid Sveriges östersjökust. Uppsala: ArtDatabanken, SLU.  ",3,3
"Myriophyllum.alterniflorum","macrophytes",2,NA,"Higher occurrence in Swedish side of Bothnian Bay.","Reviewer 1: OK. Difficult to assess. Freshwater species in the Baltic are difficult to compare to Artfakta as they also cover land and is in a quite coarse grid",2,2
"Myriophyllum.sibiricum","macrophytes",3,3,"","Reviewer 1: borderline species to freshwater, not (or seldom) in marine monitoring) | Reviewer 2: https://artfakta.se/taxa/223346/karta. Looks OK for SE. Freshwater species in the Baltic are difficult to compare to Artfakta as they also cover land and is in a quite coarse grid",3,3
"Myriophyllum.spicatum","macrophytes",3,2,"","Reviewer 1: Maybe a bit underpredicted on the SE Bothnian Sea coast? https://artfakta.se/taxa/223347/karta. Freshwater species in the Baltic are difficult to compare to Artfakta as they also cover land and is in a quite coarse grid For all vascular plants and charophytes: Does not occur in marine waters on the west coast of SE. Any occurence would be in freshwater outflows. Where is the limit for the modelling?   | Reviewer 2: DE: Beside some areas with Present (High confidence) in inner bays (Bodden) this fits comparably well to the occurrence. For the ""outliers"" I assume that the underlying abiotic modelling parameters (water depth?) are too imprecise or too coarse spatially to accurately represent the area in the model. | Reviewer 3: Should occur along the whole Finnish coast to the northern parts of the Bothnian Bay.",2,2.5
"Myriophyllum.verticillatum","macrophytes",3,3,"","Reviewer 1: borderline species to freshwater, not (or seldom) in marine monitoring) | Reviewer 2: https://artfakta.se/taxa/223348/karta. Looks OK for SE. . Freshwater species in the Baltic are difficult to compare to Artfakta as they also cover land and is in a quite coarse grid",3,3
"Najas.marina","macrophytes",3,2,"","Reviewer 1: underpredicted/missing for Germany even though records exist; Darß-Zingst-Bodden-Chain and Peenestrom, historically also Schlei Fjord, Trave ans Warnow Estuary | Reviewer 2: Looks OK for SE. https://artfakta.se/taxa/219579/karta. Freshwater species in the Baltic are difficult to compare to Artfakta as they also cover land and is in a quite coarse grid | Reviewer 3: DE: The German occurrence data do not appear to have been taken into account.",2,2.5
"Nemalion.multifidum","macrophytes",3,2,"","Reviewer 1: taxonomic mismatch (?); few records for Nemalion elminthoides, not N. multifidum | Reviewer 2: Predictions in inner parts of SE west coast missing. https://artfakta.se/taxa/232534/karta.    ",2,2.5
"Nitella.flexilis","macrophytes",2,2,"Low number of positive cases (presences) in model training data.","Reviewer 1: Northern Quark to Haparande according to Tolstoy. BS predictions dubious..   Tolstoy, A. & Österlund, K. (2003). Alger vid Sveriges östersjökust. Uppsala: ArtDatabanken, SLU.  ",2,2
"Nitella.wahlbergiana","macrophytes",3,NA,"","Reviewer 1: OK? Difficult to assess",3,3
"Nitellopsis.obtusa","macrophytes",2,NA,"Low number of positive cases (presences) in model training data.","Reviewer 1: Only observed in lakes in Sweden . No predicted occurences in SE. Cannot assess.",2,2
"Nuphar.lutea","macrophytes",3,NA,"","Reviewer 1: borderline species to freshwater, not (or seldom) in marine monitoring) | Reviewer 2: OK. In estuaries. Difficult to assess. Freshwater species in the Baltic are difficult to compare to Artfakta as they also cover land and is in a quite coarse grid",3,3
"Nymphaea.alba","macrophytes",3,NA,"","Reviewer 1: borderline species to freshwater, not (or seldom) in marine monitoring) | Reviewer 2: Difficult to assess. Absences in mid BB should be high confidence. Freshwater species in the Baltic are difficult to compare to Artfakta as they also cover land and is in a quite coarse grid",3,3
"Odonthalia.dentata","macrophytes",3,3,"","Reviewer 1: marine species, presumably not distributed further into the Baltic Sea than Belt Sea and Kattegat based on salinity requirements | Reviewer 2: OK. Looks ok for SE? https://artfakta.se/taxa/232627/karta.    ",3,3
"Palmaria.palmata","macrophytes",3,2.5,"","Reviewer 1: marine species, presumably not distributed further into the Baltic Sea than Belt Sea and Kattegat based on salinity requirements | Reviewer 2: Should occur to Öresund. Looks OK for SE? https://artfakta.se/taxa/232555/karta.     | Reviewer 3: DE: This species is not found along the German Baltic Sea coast. All specimens found to date have been washed ashore and originate from floating debris that came from the Kattegat or the Belt Sea.",2.5,2.75
"Persicaria.foliosa","macrophytes",2,2,"Low number of positive cases (presences) in model training data.","Reviewer 1: OK. Reasonable but difficult to assess. Freshwater species are difficult to compare to Artfakta as they also cover land and is in a quite coarse grid | Reviewer 2: Should be more common in the Bothnian Bay around the city of Oulu",2,2
"Peyssonnelia.dubyi","macrophytes",3,2,"","Reviewer 1: marine species, presumably not distributed further into the Baltic Sea than Belt Sea and Kattegat based on salinity requirements | Reviewer 2: A bit over predicted in Kattegat? https://artfakta.se/taxa/232575/karta. Should not have low confidence absence in hypoxic deep areas of BP (that should be high confidence)..    ",2,2.5
"Phragmites.australis","macrophytes",3,2,"","Reviewer 1: Absent (high confidence) along the open coastline and in deeper areas of all bays (incl. Bodden), estuaries and Schlei fjord; borderline species to terrestrial ecosystem, only distributions along the shoreline | Reviewer 2: . Should be more common down to Blekinge and on Öland? . Freshwater species are difficult to compare to Artfakta as they also cover land and is in a quite coarse grid | Reviewer 3: Should be more common down to Blekinge and on Öland? . Freshwater species are difficult to compare to Artfakta as they also cover land and is in a quite coarse grid | Reviewer 4: DE: Present can/should only occur in model cells directly situated along the shoreline, as it is a borderline species to the terrestrial ecosystem. All area within the bays are Absent (high confidence).",2,2.5
"Phycodrys.rubens","macrophytes",3,2,"","Reviewer 1: overpredicted – not distributed in inner bays (incl. Bodden), estuaries and Schlei Fjord; marine species, only along the open coastline; 95 % in western Baltic Sea | Reviewer 2: Present in the SE Baltic (Skåne to Gotland) according to Tolstoy. https://artfakta.se/taxa/232628/karta.   Tolstoy, A. & Österlund, K. (2003). Alger vid Sveriges östersjökust. Uppsala: ArtDatabanken, SLU.   | Reviewer 3: DE: Areas with Present (High confidence) are far too large. The areas should be like those of Laminaria digitata especially in the German western Baltic Sea. | Reviewer 4: DE: Areas with Present (High confidence) are far too large - overprediction in the southwestern Baltic Sea.",2,2.5
"Phyllophora.crispa","macrophytes",2,2,"Low number of positive cases (presences) in model training data.","Reviewer 1: overpredicted – not distributed on soft bottom and not in shallow waters; doubtful species for the Geman area | Reviewer 2: Predictions in inner parts of SE west coast missing. Maybe over predicted in outer parts of kattegat? https://artfakta.se/taxa/232576/karta.Should not have low confidence absence in hypoxic deep areas of BP (that should be high confidence)..    ",2,2
"Plagiospora.gracilis","macrophytes",3,1,"","Reviewer 1: marine species, presumably not distributed further into the Baltic Sea than Belt Sea and Kattegat based on salinity requirements | Reviewer 2: No occurences in Kattegat according to Arfakta (only Skagerrak). https://artfakta.se/taxa/232578/karta.    ",1,2
"Plumaria.plumosa","macrophytes",3,3,"","Reviewer 1: – Absent (high confidence)? or overpredicted; marine species, presumably not distributed further into the Baltic Sea than Belt Sea and Kattegat based on salinity requirements | Reviewer 2: Looks OK for SE.     | Reviewer 3: DE: Beside one area (Schlei Fjord) this fits comparably well to the occurrence. For Schlei Fjord I assume that the underlying abiotic modelling parameters are too imprecise or too coarse spatially to accurately represent the area in the model as most of the species model results are wrong for this area.",3,3
"Polyides.rotunda","macrophytes",3,2.5,"","Reviewer 1: overpredicted – not distributed on soft bottom and not in shallow waters; marine species, only open coastline and western Baltic Sea | Reviewer 2: Looks OK for SE.   Tolstoy, A. & Österlund, K. (2003). Alger vid Sveriges östersjökust. Uppsala: ArtDatabanken, SLU.   | Reviewer 3: DE: Areas with Present (High confidence) are far too large. The areas should be similar to those of Laminaria digitata especially in the German western Baltic Sea. The Class Present (low confidence) is more like the class Asent (low confidence). | Reviewer 4: DE: Areas with Present (High confidence) are far too large. The areas should be similar to those of Laminaria digitata especially in the German western Baltic Sea. The Class Present (low confidence) is more like the class Absent (low confidence).",2.5,2.75
"Polysiphonia.elongata","macrophytes",3,2,"","Reviewer 1: slightly overpredicted; Absent (high confidence) in inner bays (incl. Bodden), estuaries and Schlei Fjord; marine species, only along the open coastline; 95 % in western Baltic Sea | Reviewer 2: Name! Carradoriella elongata(Hudson) Savoie & G.W.Saunders. Missing occurences in Hanö bight, otherwise OK. https://artfakta.se/taxa/232631/karta.   Tolstoy, A. & Österlund, K. (2003). Alger vid Sveriges östersjökust. Uppsala: ArtDatabanken, SLU.  ",2,2.5
"Polysiphonia.fibrillosa","macrophytes",1,1.5,"Predicted occurrences (mostly in Finland) biogeograpically unrealistic.","Reviewer 1: taxonomic mismatch (?) resulting in missing Swedish, Danish an German records?; valid name: Leptosiphonia fibrillosa, records all from open coastline | Reviewer 2: Leptosiphonia fibrillosa. Common along the whole Swedish coast to the Quark/ https://artfakta.se/taxa/232632/taxonomi. Leptosiphonia fibrillosa? Agree with modeller. Should be common along SE coast to Northern Quark. https://artfakta.se/taxa/232632/karta.   Tolstoy, A. & Österlund, K. (2003). Alger vid Sveriges östersjökust. Uppsala: ArtDatabanken, SLU.   | Reviewer 3: Present as Leptosiphonia fibrillosa in Swedish waters (https://artfakta.se/taxa/232632/karta)",1,1.25
"Polysiphonia.stricta","macrophytes",3,2.5,"","Reviewer 1: overpredicted – not distributed on soft bottom and not in shallow waters; marine species, only along the open coastline; 95 % in western Baltic Sea | Reviewer 2: According to Tolstoy Swedish South Coast  and Gotland, Recently observed further north (https://artfakta.se/taxa/232637/karta). Looks OK for SE.   Tolstoy, A. & Österlund, K. (2003). Alger vid Sveriges östersjökust. Uppsala: ArtDatabanken, SLU.  ",2.5,2.75
"Potamogeton.berchtoldii","macrophytes",3,NA,"","Reviewer 1: borderline species to freshwater | Reviewer 2: OK. Difficult to assess. Freshwater species in the Baltic are difficult to compare to Artfakta as they also cover land and is in a quite coarse grid",3,3
"Potamogeton.crispus","macrophytes",2,2,"Low number of positive cases (presences) in model training data.","Reviewer 1: Absent (high confidence) along the open coastline and in deeper areas of all bays (incl. Bodden); borderline species to freshwater | Reviewer 2: OK. Offfshore areas should not be low confidence absence. Freshwater species in the Baltic are difficult to compare to Artfakta as they also cover land and is in a quite coarse grid For all vascular plants and charophytes: Does not occur in marine waters on the west coast of SE. Any occurence would be in freshwater outflows. Where is the limit for the modelling?   | Reviewer 3: DE: all the yellow model cells along the outer German coastline should be Absent (high confidence). The abiotic parameter exposure could be very helpful for this species, as it only occurs in sheltered oligohaline bays. There are only few occurrences for this species in the Baltic Sea as it is a borderline species to freshwater. Like for Zostera I recommend using the occurrence data from the HELCOM Red List Project for the confidence assessment.",2,2
"Potamogeton.friesii","macrophytes",3,NA,"","Reviewer 1: borderline species to freshwater | Reviewer 2: In lagoons and shallow bays with low salinity along the Swedish east coast. Difficult to assess. Freshwater species in the Baltic are difficult to compare to Artfakta as they also cover land and is in a quite coarse grid",3,3
"Potamogeton.gramineus","macrophytes",3,NA,"","Reviewer 1: borderline species to freshwater | Reviewer 2: Only in areas with low salinity. Difficult to assess. as freshwater species in the Baltic are difficult to compare to Artfakta as they also cover land and is in a quite coarse grid | Reviewer 3: Only in areas with low salinity. Difficult to assess since freshwater species in the Baltic are difficult to compare to Artfakta as they also cover land and is in a quite coarse grid",3,3
"Potamogeton.natans","macrophytes",3,NA,"","Reviewer 1: borderline species to freshwater | Reviewer 2: Only in areas with low salinity. Difficult to assess. as freshwater species in the Baltic are difficult to compare to Artfakta as they also cover land and is in a quite coarse grid | Reviewer 3: Only in areas with low salinity. Difficult to assess since  freshwater species in the Baltic are difficult to compare to Artfakta as they also cover land and is in a quite coarse grid",3,3
"Potamogeton.obtusifolius","macrophytes",3,NA,"","Reviewer 1: borderline species to freshwater | Reviewer 2: Only in areas with low salinity. Difficult to assess. as freshwater species in the Baltic are difficult to compare to Artfakta as they also cover land and is in a quite coarse grid. offshore absences should be high confidence | Reviewer 3: Only in areas with low salinity. Difficult to assess since freshwater species in the Baltic are difficult to compare to Artfakta as they also cover land and is in a quite coarse grid. offshore absences should be high confidence",3,3
"Potamogeton.perfoliatus","macrophytes",3,NA,"","Reviewer 1: underpredicted in some German areas; in Peenestrom and Kleines Haff | Reviewer 2: Only in areas with low salinity. Difficult to assess. as freshwater species in the Baltic are difficult to compare to Artfakta as they also cover land and is in a quite coarse grid | Reviewer 3: Only in areas with low salinity. Difficult to assess since freshwater species in the Baltic are difficult to compare to Artfakta as they also cover land and is in a quite coarse grid",3,3
"Potamogeton.praelongus","macrophytes",2,NA,"Low number of positive cases (presences) in model training data.","Reviewer 1: borderline species to freshwater | Reviewer 2: Only in areas with low salinity. Difficult to assess since freshwater species in the Baltic are difficult to compare to Artfakta as they also cover land and is in a quite coarse grid",2,2
"Potamogeton.pusillus","macrophytes",3,2,"","Reviewer 1: borderline species to freshwater | Reviewer 2: Only in areas with low salinity. Difficult to assess since freshwater species in the Baltic are difficult to compare to Artfakta as they also cover land and is in a quite coarse grid. All offshore absences should be high confidence | Reviewer 3: Quite common in  Baltic shallow bays from Östergötland and north . Should possibly be more common in SE Bothnian Sea? https://artfakta.se/taxa/219598/karta. Offshore areas should be high confidence absence.. Freshwater species in the Baltic are difficult to compare to Artfakta as they also cover land and is in a quite coarse grid",2,2.5
"Pterothamnion.plumula","macrophytes",3,3,"","Reviewer 1: Absent (high confidence) along the shallow open coastline and in all bays (incl. Bodden), estuaries and Schlei fjord; marine species, only open coastline and western Baltic Sea",3,3
"Ptilota.gunneri","macrophytes",3,2,"","Reviewer 1: Also in Southern Kattegatt and Öresund close to coast. Low confidence absence in middle of Baltic is a weird artefact.    ",2,2.5
"Ranunculus.aquatilis","macrophytes",2,2,"Occurrence predictions mostly in Finland due to input data. Probably does not reflect the true geographic distribution.","Reviewer 1: Agree with modeller. Should occur in SE Kalmar to southern BS.. Freshwater species are difficult to compare to Artfakta as they also cover land and is in a quite coarse grid",2,2
"Ranunculus.peltatus.peltatus","macrophytes",3,2.5,"","Reviewer 1: taxonomic mismatch (?); in Germany: Ranunculus peltatus subsp. baudotii | Reviewer 2: . Looks OK for SE. Freshwater species are difficult to compare to Artfakta as they also cover land and is in a quite coarse grid For all vascular plants and charophytes: Does not occur in marine waters on the west coast of SE. Any occurence would be in freshwater outflows. Where is the limit for the modelling?   | Reviewer 3: DE: taxonomic mismatch assumed - Ranunculus peltatus subspecies baudotii occurs in German Bodden areas",2.5,2.75
"Ranunculus.reptans","macrophytes",3,2,"","Reviewer 1: Should possibly occur to northern BP on SE side. Grow on beaches. All offshore areas should be high confidence absences.. Freshwater species are difficult to compare to Artfakta as they also cover land and is in a quite coarse grid",2,2.5
"Rhizoclonium.riparium","macrophytes",3,2,"","Reviewer 1: Absent (low confidence) should be Absent (high confidence) | Reviewer 2: Occur along Swedish west coast Kattegatt and Öresund. OK.   Tolstoy, A. & Österlund, K. (2003). Alger vid Sveriges östersjökust. Uppsala: ArtDatabanken, SLU. Dubious low confidence absences.  ",2,2.5
"Rhodochorton.purpureum","macrophytes",3,2,"","Reviewer 1: overpredicted – not distributed on soft bottom and not in shallow waters; not in inner bays (incl. Bodden), estuaries and Schlei fjord | Reviewer 2: OK. Does Eastern Baltic come out correct? https://www.gbif.org/species/2664547.   Tolstoy, A. & Österlund, K. (2003). Alger vid Sveriges östersjökust. Uppsala: ArtDatabanken, SLU.  ",2,2.5
"Rhodomela.confervoides","macrophytes",3,2,"","Reviewer 1: overpredicted – not distributed on soft bottom; not in inner bays (incl. Bodden), estuaries and Schlei fjord | Reviewer 2: OK. Is southeast Baltic correct? https://www.gbif.org/species/2659870.   Tolstoy, A. & Österlund, K. (2003). Alger vid Sveriges östersjökust. Uppsala: ArtDatabanken, SLU.  ",2,2.5
"Rhodophyllis.divaricata","macrophytes",3,3,"",NA,3,3
"Rubrointrusa.membranacea","macrophytes",3,2,"","Reviewer 1: Absent (high confidence) along the shallow open coastline and in all bays (incl. Bodden), estuaries and Schlei fjord; marine species, presumably not distributed further into the Baltic Sea than Belt Sea and Kattegat based on salinity requirements; the host of the endozoic macroalgae is a marine species | Reviewer 2: https://artfakta.se/taxa/232531/karta. West coast SE missing in predictions¨.https://www.gbif.org/species/5823575.    ",2,2.5
"Ruppia.cirrhosa","macrophytes",3,2.5,"","Reviewer 1: Absent (high confidence) along the open coastline and in deeper areas of all bays (incl. Bodden), estuaries and Schlei fjord | Reviewer 2: Ruppia spiralis L. ex Dumort.. OK? All offshore areas should be high confidence absences..     | Reviewer 3: DE: all the yellow model cells along the outer German coastline and deeper 4m should be Absent (high confidence). Also many Present (High confidence) areas along the outer German coastline are Absent (low confidence). The abiotic parameter exposure could be very helpful for this species, as it only occurs in sheltered bays. Like for Zostera I recommend using the occurrence data from the HELCOM Red List Project for the confidence assessment.",2.5,2.75
"Ruppia.maritima","macrophytes",3,2,"","Reviewer 1: Absent (high confidence) along the open coastline and in deeper areas of all bays (incl. Bodden), estuaries and Schlei fjord; records but only in sheltered bays and not along the open coastline | Reviewer 2: OK. Should occur along SE BS coast.     | Reviewer 3: OK. Should occur along SE Bothnian Sea coast.     | Reviewer 4: DE: all the yellow model cells along the outer German coastline and deeper 4m should be Absent (high confidence). Also many Present (High confidence) areas along the outer German coastline are Absent (low confidence). The abiotic parameter exposure could be very helpful for this species, as it only occurs in sheltered bays. Like for Zostera I recommend using the occurrence data from the HELCOM Red List Project for the confidence assessment.",2,2.5
"Saccharina.latissima","macrophytes",3,2.5,"","Reviewer 1: overpredicted (western area) and underpredicted (eastern area); records from east coast of Rügen an Bornholm, but no records from inner bays (incl. Bodden), estuaries and Schlei fjord | Reviewer 2: Few observations also in South Baltic Sea. OK?.     | Reviewer 3: DE: Areas with Present (High confidence) are far too large. The areas should be similar to those of Laminaria digitata especially in the German western Baltic Sea. | Reviewer 4: DE: Areas with Present (High confidence) are far too large - overprediction in the southwestern Baltic Sea.",2.5,2.75
"Sagittaria.natans","macrophytes",2,NA,"Low number of positive cases (presences) in model training data.","Reviewer 1: OK. Looks ok. Freshwater species are difficult to compare to Artfakta as they also cover land and is in a quite coarse grid  ",2,2
"Sagittaria.sagittifolia","macrophytes",3,3,"","Reviewer 1: Absent (high confidence) along the open coastline and in deeper areas of all bays (incl. Bodden), estuaries and Schlei fjord; borderline species to terrestrial ecosystem like Phragmites australis, only distributions along the shoreline | Reviewer 2: Occur in areas with low salinity along the Baltic Coast https://artfakta.se/taxa/219606/karta. Looks ok.All offshore areas should be high confidence absences.. Freshwater species are difficult to compare to Artfakta as they also cover land and is in a quite coarse grid",3,3
"Sargassum.muticum","macrophytes",3,2,"","Reviewer 1: IAS; Also in Southern part of Kattegatt. OK for SE. https://artfakta.se/taxa/232761/karta.    ",2,2.5
"Scagelothamnion.pusillum","macrophytes",2,1.5,"Swedish west coast missing in predictions.","Reviewer 1: overpredicted - not in inner bays (incl. Bodden), estuaries and Schlei Fjord and not in shallow waters; marine species, presumably not distributed further into the Baltic Sea than Belt Sea and Kattegat based on salinity requirements | Reviewer 2: Also in Öresund and  Bornholm. Agree with modeller. Also dubious prediction in southern Baltic. Unlikely to occur east of Bornholm. https://www.gbif.org/species/2658470.    ",1.5,1.75
"Schoenoplectus.lacustris","macrophytes",3,2,"","Reviewer 1: Absent (high confidence) along the open coastline and in deeper areas of all bays (incl. Bodden), estuaries and Schlei fjord; borderline species to terrestrial ecosystem like Phragmites australis, only distributions along the shoreline | Reviewer 2: On the shore along the whole Swedish coast. Looks ok.  For all vascular plants and charophytes: Does not occur in marine waters on the west coast of SE. Any occurence would be in freshwater outflows. Where is the limit for the modelling?  ",2,2.5
"Schoenoplectus.tabernaemontani","macrophytes",3,3,"","Reviewer 1: Absent (high confidence) along the open coastline and in deeper areas of all bays (incl. Bodden), estuaries and Schlei fjord; borderline species to terrestrial ecosystem like Phragmites australis, only distributions along the shoreline | Reviewer 2: Along the whole Swedish coast https://artfakta.se/taxa/222661/karta. Probably ok? Occurs on SE west coast but hard to tell if it is in the sea. https://www.gbif.org/species/2711157.    ",3,3
"Scytosiphon.lomentaria","macrophytes",2,2,"Low number of positive cases (presences) in model training data.","Reviewer 1: overpredicted – not distributed in deeper waters; only along the open coastline and shallow water depth | Reviewer 2: https://artfakta.se/taxa/232712/karta. Should possibly occur in the BS.https://www.gbif.org/species/5422803.   Tolstoy, A. & Österlund, K. (2003). Alger vid Sveriges östersjökust. Uppsala: ArtDatabanken, SLU.  ",2,2
"Sparganium.emersum","macrophytes",3,2,"","Reviewer 1: Absent (high confidence) in deeper areas of all bays (incl. Bodden), estuaries and Schlei fjord; borderline species to terrestrial ecosystem like Phragmites australis, only distributions along the shoreline | Reviewer 2: . Should possibly occur down to Stockholm archipelago? https://www.gbif.org/species/2702266. Freshwater species are difficult to compare to Artfakta as they also cover land and is in a quite coarse grid",2,2.5
"Spermatochnus.paradoxus","macrophytes",2,2,"Low number of positive cases (presences) in model training data.","Reviewer 1: overpredicted – not distributed in inner bays (incl. Bodden), estuaries and Schlei Fjord | Reviewer 2: Should occur along SE west coast https://artfakta.se/taxa/232714/karta.    ",2,2
"Spermothamnion.repens","macrophytes",3,2,"","Reviewer 1: overpredicted – not distributed in inner bays (incl. Bodden), estuaries and Schlei Fjord; marine species, only along the open coastline; 95 % in western Baltic Sea | Reviewer 2: OK. Marine species. Dubious low confidence absence in the Baltic. https://www.gbif.org/species/2657330.     | Reviewer 3: Presences OK. Marine species. Dubious low confidence absence in the Baltic. https://www.gbif.org/species/2657330.    ",2,2.5
"Sphacelaria.cirrosa","macrophytes",3,2,"","Reviewer 1: overpredicted – not distributed in deeper waters | Reviewer 2: Öresund. Coastal predictions in Öresund missing? https://artfakta.se/taxa/232740/karta.    ",2,2.5
"Sphaceloderma.caespitulum","macrophytes",3,2,"","Reviewer 1: – Absent (high confidence)?; marine species, presumably not distributed further into the Baltic Sea than Belt Sea and Kattegat based on salinity requirements | Reviewer 2: Unlikely to occur east of Bornholm. https://www.gbif.org/species/8082595.    ",2,2.5
"Sphaerotrichia.divaricata","macrophytes",3,2,"","Reviewer 1: overpredicted – not distributed in deeper waters | Reviewer 2: Unlikely to occur in the Baltic https://www.gbif.org/species/3199116.    ",2,2.5
"Spongomorpha.aeruginosa","macrophytes",2,2,"Low number of positive cases (presences) in model training data.","Reviewer 1: overpredicted – not distributed in deeper waters | Reviewer 2: https://artfakta.se/taxa/232845/karta; Also Bornholm. Looks ok for SE but weird that it is predicted in Kattegat and GoF but not southern Baltic..   Tolstoy, A. & Österlund, K. (2003). Alger vid Sveriges östersjökust. Uppsala: ArtDatabanken, SLU.  ",2,2
"Spongonema.tomentosum","macrophytes",2,2,"Swedish west coast potentially underpredicted. Low number of positive cases (presences) in model training data.","Reviewer 1: Absent (high confidence) in all bays (incl. Bodden), estuaries and Schlei fjord; only along the open coastline | Reviewer 2: https://artfakta.se/taxa/232716/karta. Should possibly occur in the Baltic proper https://www.gbif.org/species/3198997.    ",2,2
"Stictyosiphon.tortilis","macrophytes",3,2,"","Reviewer 1: Absent (high confidence) in all bays (incl. Bodden), estuaries and Schlei fjord | Reviewer 2: Also Gotland. Should occur on SE West coast & southeast coast. https://artfakta.se/taxa/232718/karta.   Tolstoy, A. & Österlund, K. (2003). Alger vid Sveriges östersjökust. Uppsala: ArtDatabanken, SLU.  ",2,2.5
"Stuckenia.pectinata","macrophytes",3,2,"","Reviewer 1: Absent (high confidence) along the open coastline and in deeper areas of all bays (incl. Bodden), estuaries and Schlei fjord; numerous records but only in sheltered bays and not along the open coastline | Reviewer 2: All along the Swedish Baltic Coast from Kattegatt to BB  Bhttps://artfakta.se/taxa/219594/karta. Should occur in Bothnian Bay? https://www.gbif.org/species/7871428.  For all vascular plants and charophytes: Does not occur in marine waters on the west coast of SE. Any occurence would be in freshwater outflows. Where is the limit for the modelling?   | Reviewer 3: DE: This modelled occurrence map fits much better to the abiotic parameters needed for occurrence compared to the model results for species Zannichellia palustris, Ruppia maritima, Ruppia cirrhosa. The model parameters of Stukenia would also be appropriate for these other higher plant species. | Reviewer 4: Should occur as commonly to the most northern parts of the Bothnian Bay",2,2.5
"Stuckenia.vaginata","macrophytes",2,2,"Low number of positive cases (presences) in model training data.","Reviewer 1: Should be more common on FI side? https://www.gbif.org/species/2756555.",2,2
"Subularia.aquatica","macrophytes",3,3,"","Reviewer 1: Occur along the coast from Blekinge and north and BB: https://www.havet.nu/livet/art/sylort. OK?.",3,3
"Triglochin.maritima","macrophytes",3,2,"","Reviewer 1: Absent (high confidence) along the open coastline and in deeper areas of all bays (incl. Bodden), estuaries and Schlei fjord; borderline species to terrestrial ecosystem like Phragmites australis, only distributions along the shoreline | Reviewer 2: OK? All offshore areas should be high confidence absences..  For all vascular plants and charophytes: Does not occur in marine waters on the west coast of SE. Any occurence would be in freshwater outflows. Where is the limit for the modelling?  ",2,2.5
"Typha.angustifolia","macrophytes",3,NA,"","Reviewer 1: Absent (high confidence) along the open coastline and in deeper areas of all bays (incl. Bodden), estuaries and Schlei fjord; borderline species to terrestrial ecosystem like Phragmites australis, only distributions along the shoreline | Reviewer 2: OK? All offshore areas should be high confidence absences.. Freshwater species are difficult to compare to Artfakta as they also cover land and is in a quite coarse grid",3,3
"Typha.latifolia","macrophytes",3,2,"","Reviewer 1: borderline species to terrestrial ecosystem, only distributions along the shoreline | Reviewer 2: Only in very low salinity. Should be more common along SE east coast? https://www.gbif.org/species/5289423. Freshwater species are difficult to compare to Artfakta as they also cover land and is in a quite coarse grid",2,2.5
"Ulothrix.zonata","macrophytes",3,3,"","Reviewer 1: OK? Tolstoy, A. & Österlund, K. (2003). Alger vid Sveriges östersjökust. Uppsala: ArtDatabanken, SLU.  ",3,3
"Ulva.lactuca","macrophytes",3,2,"","Reviewer 1: Absent (high confidence) in all deeper areas | Reviewer 2: https://artfakta.se/taxa/232801/karta. Should occur along SE BBP coast. https://www.gbif.org/species/5273309.   Tolstoy, A. & Österlund, K. (2003). Alger vid Sveriges östersjökust. Uppsala: ArtDatabanken, SLU.   | Reviewer 3: https://artfakta.se/taxa/232801/karta. Should occur along SE BBP coast. https://www.gbif.org/species/5273309.   Tolstoy, A. & Österlund, K. (2003). Alger vid Sveriges Östersjökust. Uppsala: ArtDatabanken, SLU.  ",2,2.5
"Ulva.linza","macrophytes",2,2,"Low number of positive cases (presences) in model training data.","Reviewer 1: Absent (high confidence) in all deeper areas | Reviewer 2: OK. Looks ok for SE.   Tolstoy, A. & Österlund, K. (2003). Alger vid Sveriges östersjökust. Uppsala: ArtDatabanken, SLU.   | Reviewer 3: Currenlty observations also from the Gulf of Finland and the Bothnian Sea, even though not common",2,2
"Ulva.prolifera","macrophytes",2,2,"Potential underprediction at Swedish east coast Baltic Proper.","Reviewer 1: Absent (high confidence) in all deeper areas | Reviewer 2: Occurs to Northern Quark according to Tolstoy. Batic proper coast looks ok?.   Tolstoy, A. & Österlund, K. (2003). Alger vid Sveriges östersjökust. Uppsala: ArtDatabanken, SLU.  ",2,2
"Urospora.penicilliformis","macrophytes",2,2,"High occurrence at Estonia probably a model artefact. Low number of positive cases (presences) in model training data.","Reviewer 1: Absent (high confidence) in all deeper areas | Reviewer 2: https://artfakta.se/taxa/232848/karta. Should possibly occur also on SE west coast. https://www.gbif.org/species/5273228.   Tolstoy, A. & Österlund, K. (2003). Alger vid Sveriges östersjökust. Uppsala: ArtDatabanken, SLU.  ",2,2
"Utricularia.vulgaris","macrophytes",3,NA,"","Reviewer 1: OK? Freshwater species are difficult to compare to Artfakta as they also cover land and is in a quite coarse grid  ",3,3
"Vaucheria","macrophytes",3,2,"","Reviewer 1: https://artfakta.se/taxa/1009218/karta. Under predicted along SE BP coast? From Skåne to northern BB according to Tolstoy.   Tolstoy, A. & Österlund, K. (2003). Alger vid Sveriges östersjökust. Uppsala: ArtDatabanken, SLU.  ",2,2.5
"Vertebrata.byssoides","macrophytes",3,2.5,"","Reviewer 1: overpredicted – not distributed in inner bays (incl. Bodden), estuaries and Schlei Fjord | Reviewer 2: Occur along the Swedish coast in Öresund. Looks ok?.     | Reviewer 3: DE: Areas with Present are too large: overprediction in the southwestern Baltic Sea.",2.5,2.75
"Vertebrata.fucoides","macrophytes",3,3,"","Reviewer 1: overpredicted – not distributed in inner bays (incl. Bodden), estuaries and Schlei Fjord | Reviewer 2: Occur along the Swedish coast in Öresund. Looks ok?.     | Reviewer 3: OK. Looks ok for SE.   Tolstoy, A. & Österlund, K. (2003). Alger vid Sveriges östersjökust. Uppsala: ArtDatabanken, SLU.  ",3,3
"Zannichellia.major","macrophytes",3,3,"","Reviewer 1: Absent (high confidence) along the open coastline and in deeper areas of all bays (incl. Bodden), estuaries and Schlei fjord | Reviewer 2: https://artfakta.se/taxa/223535/karta. OK?.  For all vascular plants and charophytes: Does not occur in marine waters on the west coast of SE. Any occurence would be in freshwater outflows. Where is the limit for the modelling?  ",3,3
"Zannichellia.palustris","macrophytes",3,2,"","Reviewer 1: Absent (high confidence) along the open coastline and in deeper areas of all bays (incl. Bodden), estuaries and Schlei fjord; numerous records but only in sheltered bays and not along the open coastline | Reviewer 2: Along the whole swedish Baltic coast ; https://artfakta.se/taxa/219614/karta. OK? All offshore areas should be high confidence absences..  For all vascular plants and charophytes: Does not occur in marine waters on the west coast of SE. Any occurence would be in freshwater outflows. Where is the limit for the modelling?   | Reviewer 3: DE: all the yellow model cells along the outer German coastline and deeper 4m should be Absent (high confidence). Also many Present (High confidence) areas along the outer German coastline are Absent (low confidence). The abiotic exposure could be very helpful for this species, as it only occurs in sheltered bays. Like for Zostera I recommend using the occurrence data from the HELCOM Red List Project for the confidence assessment. | Reviewer 4: DE: all the yellow model cells along the outer German coastline and deeper 4m should be Absent (high confidence). Also many Present (High confidence) areas along the outer German coastline are Absent (low confidence). The abiotic parameter exposure could be very helpful for this species, as it only occurs in sheltered bays. Like for Zostera I recommend using the occurrence data from the HELCOM Red List Project for the confidence assessment.",2,2.5
"Zostera.marina","macrophytes",3,1.6666666666666667,"","Reviewer 1: overpredicted; not at pure hard bottom sites | Reviewer 2: OK for SE. Under-predicted in Finland? https://www.gbif.org/species/2863967. | Reviewer 3: DE: All areas deeper than 10 m should be Absent (high confidence). The confidence class ""Present (high confidence)"" should not include areas where Zostera marina has never occurred — neither currently nor in the past — and where the abiotic conditions (e.g. salinity) also do not allow for its occurrence.  Of course, the classification always depends on the spatial resolution of the underlying model parameters, but if there is already a clear weakness in the predictions for Zostera (the species for which the most occurence information and datasets are available), what advantage does modelling offer compared to the distribution maps already available. I strongly recommend using the occurrence data from the HELCOM Red List Project for the confidence assessment and, where appropriate, incorporating it somehow into the confidence classes: e.g. Presence (High confidence) only for model cells, where a species has been documented within the last 10 years. | Reviewer 4: Should be more common in Finland in the Archipelago Sea and also in to the Gulf of Finland and the Bothnian Sea",1.6666666666666667,2.3333333333333335
"Zygnema","macrophytes",2,3,"Low number of positive cases (presences) in model training data.","Reviewer 1: OK accorting to Tolstoy, A. & Österlund, K. (2003). Alger vid Sveriges östersjökust. Uppsala: ArtDatabanken, SLU.  ",2,2.5
"Abra.alba","invertebrates",3,2.5,"","Reviewer 1: Somewhat underpredicted on the Swedish west coast and should be absent with high confidence from the majority of the Baltic?  | Reviewer 2: ok",2.5,2.75
"Abra.nitida","invertebrates",3,3,"","Reviewer 1: Should be absent with high confidence from the majority of the Baltic? | Reviewer 2: ok",3,3
"Abyssoninoe.hibernica","invertebrates",2,2,"Low number of positive cases (presences) in model training data.","Reviewer 1: occurrences in northern Baltic seem incorrect | Reviewer 2: only Kattegat",2,2
"Acanthocardia.echinata","invertebrates",2,2.5,"Low number of positive cases (presences) in model training data.","Reviewer 1: occurrences in northern Baltic proper seem incorrect | Reviewer 2: ok",2,2.25
"Akera.bullata","invertebrates",1,1,"","Reviewer 1: Map seems inaccurate. | Reviewer 2: restricted to Kattegat, Kiel Bay and Mecklenburg Bay, not occurring in the eastern Baltic | Reviewer 3: Does not occur in Finland to our knowledge",1,1
"Alcyonidium.diaphanum","invertebrates",1,1,"Low number of positive cases (presences) in model training data.","Reviewer 1: Map seems inaccurate. | Reviewer 2: not occurring east of Rugia | Reviewer 3: Does not occur in Finland to our knowledge",1,1
"Alcyonidium.polyoum","invertebrates",1,1.3333333333333333,"Low number of positive cases (presences) in model training data.","Reviewer 1: Map seems inaccurate. | Reviewer 2: approximately easternwards max to Gotland | Reviewer 3: Does not occur in Finland to our knowledge",1,1.1666666666666665
"Alitta.succinea","invertebrates",3,2.5,"","Reviewer 1: Difficult to assess. Primarily marine and therefore unlikely in the majority of the Baltic? | Reviewer 2: ok",2.5,2.75
"Alkmaria.romijni","invertebrates",2,1.3333333333333333,"Low number of positive cases (presences) in model training data.","Reviewer 1: Unsure about patterns of distribution | Reviewer 2: brackish, estuaries, not open sea, max east in Vistula lagoon | Reviewer 3: Does not occur in Finland to our knowledge",1.3333333333333333,1.6666666666666665
"Alloteuthis.subulata","invertebrates",3,2,"","Reviewer 1: Ok, can perhaps also occur closer to the shore. Maybe green here",2,2.5
"Ampelisca.brevicornis","invertebrates",3,3,"","Reviewer 1: absence north of southern Baltic proper should be high confidence? | Reviewer 2: ok",3,3
"Ampelisca.diadema","invertebrates",3,3,"","Reviewer 1: absence north of southern Baltic proper should be high confidence? | Reviewer 2: ok",3,3
"Ampelisca.macrocephala","invertebrates",2,2.5,"Low number of positive cases (presences) in model training data.","Reviewer 1: presences in the northern Baltic proper seem incorrect and absence north of southern Baltic proper should be high confidence? | Reviewer 2: ok",2,2.25
"Ampelisca.tenuicornis","invertebrates",1,2.5,"","Reviewer 1: presences in the northern Baltic proper seem incorrect and absence north of southern Baltic proper should be high confidence? | Reviewer 2: ok",1,1.75
"Ampharete.acutifrons","invertebrates",2,1,"Low number of positive cases (presences) in model training data.","Reviewer 1: Overpredicted in the Baltic | Reviewer 2: the taxonomy has changed, A. cirrata is probalby the correct name in the Baltic, max east to Bornolm Basin",1,1.5
"Ampharete.baltica","invertebrates",3,3,"","Reviewer 1: likely absent with high confidence in large parts of the Baltic? | Reviewer 2: ok",3,3
"Ampharete.finmarchica","invertebrates",1,1,"","Reviewer 1: Map seems inaccurate. | Reviewer 2: nomenclature has changed, not in the Baltic Sea, probaly A. cirrata, max east to Bornholm Basin",1,1
"Ampharete.lindstroemi","invertebrates",1,2.5,"","Reviewer 1: Should be absent (high confidence) north of southern Baltic proper? | Reviewer 2: ok",1,1.75
"Amphibalanus.improvisus","invertebrates",3,2.3333333333333335,"","Reviewer 1: Should occur on the Swedish west coast? | Reviewer 2: ok | Reviewer 3: Does not occur north of the Kvarken region",2.3333333333333335,2.666666666666667
"Amphiura.chiajei","invertebrates",1,1.5,"","Reviewer 1: Baltic occurrences unlikely | Reviewer 2: only Kattegat, not in the Baltic",1,1.25
"Amphiura.filiformis","invertebrates",3,2.5,"","Reviewer 1: Marine species, distribution in the Baltic unlikely | Reviewer 2: ok",2.5,2.75
"Ampithoe.rubricata","invertebrates",2,1,"Low number of positive cases (presences) in model training data.","Reviewer 1: Marine species, distribution behond the western Baltic unlikely | Reviewer 2: max east to Arkona Basin | Reviewer 3: Does not occur in Finland to our knowledge",1,1.5
"Anobothrus.gracilis","invertebrates",3,2.5,"","Reviewer 1: presences in Baltic seem incorrect and absence north of southern Baltic proper should be high confidence? | Reviewer 2: ok",2.5,2.75
"Anoplodactylus.petiolatus","invertebrates",1,2.5,"Low number of positive cases (presences) in model training data.","Reviewer 1: likely absent with high confidence in large parts of the Baltic? | Reviewer 2: ok",1,1.75
"Apherusa.bispinosa","invertebrates",2,1.5,"Low number of positive cases (presences) in model training data.","Reviewer 1: Difficult to assess, but occurrences in Baltic sea seem incorrect. | Reviewer 2: max east Arkona Basin",1.5,1.75
"Aphrodita.aculeata","invertebrates",1,1.5,"Low number of positive cases (presences) in model training data.","Reviewer 1: Presence in Baltic seems incorrect and absence in Baltic should be high confidence? | Reviewer 2: onlKattegat and entrance Kiel Bay",1,1.25
"Apistobranchus.tullbergi","invertebrates",3,2.5,"","Reviewer 1: likely absent with high confidence in large parts of the Baltic? possibly a green here | Reviewer 2: ok",2.5,2.75
"Aporrhais.pespelecani","invertebrates",3,2.5,"","Reviewer 1: underpredicted on the Swedish west coast? | Reviewer 2: ok",2.5,2.75
"Arctica.islandica","invertebrates",3,3,"","Reviewer 1: ok, but absent with high confidence in most of Baltic? | Reviewer 2: ok",3,3
"Arenicola.marina","invertebrates",3,3,"","Reviewer 1: absent with high confidence in most of Baltic? | Reviewer 2: ok",3,3
"Aricidea.cerrutii","invertebrates",2,1,"Low number of positive cases (presences) in model training data.","Reviewer 1: Overpredicted range in the  Baltic | Reviewer 2: max east Arkona Basin",1,1.5
"Aricidea.minuta","invertebrates",3,3,"","Reviewer 1: likely absent with high confidence in most of the Baltic? | Reviewer 2: ok",3,3
"Aricidea.suecica","invertebrates",3,3,"","Reviewer 1: Ok, absent with high confidence further north in the Baltic sea? | Reviewer 2: ok",3,3
"Artacama.proboscidea","invertebrates",2,2.5,"Low number of positive cases (presences) in model training data.","Reviewer 1: Ok, though absent with high confidence in the Baltic? yellow/green here | Reviewer 2: ok",2,2.25
"Ascidiella.aspersa","invertebrates",2,1,"Low number of positive cases (presences) in model training data.","Reviewer 1: Baltic occurrences  seem incorrect | Reviewer 2: only Kattegat and entrance Kiel Bay | Reviewer 3: Does not occur in Finland to our knowledge",1,1.5
"Astarte.borealis","invertebrates",3,2.5,"","Reviewer 1: max east Gotland Basin, near 20°E, much more common in Kattegat",2.5,2.75
"Astarte.elliptica","invertebrates",3,2,"","Reviewer 1: underpredicted on the Swedish west coast and perhaps somewhat overpredicted in the Baltic? | Reviewer 2: max east around 18°E",2,2.5
"Astarte.montagui","invertebrates",2,2,"Low number of positive cases (presences) in model training data.","Reviewer 1: underpredicted on west coast. Absent with high confidence in Baltic? | Reviewer 2: frequent between Kiel Bay and Darss sill",2,2
"Astarte.sulcata","invertebrates",1,1,"Low number of positive cases (presences) in model training data.","Reviewer 1: Marine species, distribution in the Baltic unlikely | Reviewer 2: not occuring in the Baltic, restricted to Kattegat",1,1
"Asterias.rubens","invertebrates",3,2,"","Reviewer 1: Absent with high confidence in the majority of the Baltic? | Reviewer 2: not known east of Bornholm",2,2.5
"Balanus.crenatus","invertebrates",1,1,"","Reviewer 1: overpredicted in the Baltic | Reviewer 2: max east to Arkona Basin and Pomeranian Bay",1,1
"Baltidrilus.costatus","invertebrates",3,2,"","Reviewer 1: Underpredicted in the Baltic? | Reviewer 2: not sure about it, due to taxonomical issues",2,2.5
"Bathyporeia.elegans","invertebrates",1,1.5,"","Reviewer 1: occurrences in Baltic unlikely and generally should be absent with high confidence for the majority of Baltic sea? | Reviewer 2: not east of Bornholm",1,1.25
"Bathyporeia.guilliamsonia","invertebrates",3,3,"","Reviewer 1: absent with high confidence in majority of the Baltic? | Reviewer 2: ok",3,3
"Bathyporeia.pelagica","invertebrates",2,2.3333333333333335,"Low number of positive cases (presences) in model training data.","Reviewer 1: Difficult to assess. Some occurrence in southern Baltic (according to gbif maps)? | Reviewer 2: ok | Reviewer 3: some uncertainties in identification, is defenitely more distributed, also in Kiel Bay, Mecklenbrg Bay",2,2.166666666666667
"Bathyporeia.pilosa","invertebrates",3,1.6666666666666667,"","Reviewer 1: seems överpredicted inn the Baltic, particularly northern and on Swedish east coast? | Reviewer 2: not north of Aland | Reviewer 3: not north of Quarks | Reviewer 4: Does not occur north of the Kvarken region to our knowledge",1.6666666666666667,2.3333333333333335
"Bathyporeia.sarsi","invertebrates",1,1,"Low number of positive cases (presences) in model training data.","Reviewer 1: Marine species, extensive distribution in the Baltic unlikely | Reviewer 2: not east of Rugia | Reviewer 3: Does not occur in Finland to our knowledge",1,1
"Bittium.reticulatum","invertebrates",3,3,"","Reviewer 1: absent with high confidence in majority of the Baltic? | Reviewer 2: ok",3,3
"Brachystomia.scalaris","invertebrates",1,1,"Low number of positive cases (presences) in model training data.","Reviewer 1: overpredicted in the Baltic and should be absent with high confidence for the  majority of it. | Reviewer 2: not east of Bornholm, most eastern record is about 14°E | Reviewer 3: Does not occur in Finland to our knowledge",1,1
"Brada.villosa","invertebrates",3,3,"","Reviewer 1: absent with high confidence in Baltic? | Reviewer 2: ok",3,3
"Branchiostoma.lanceolatum","invertebrates",3,2.5,"","Reviewer 1: absent with high confidence in Baltic? Present along Swedish west coast (eastern Kattegat) more than is indicated here?  | Reviewer 2: ok",2.5,2.75
"Brissopsis.lyrifera","invertebrates",3,1,"","Reviewer 1: Baltic occurrences seem incorrect. | Reviewer 2: definitely only Kattegat and entrance, not in the Baltic",1,2
"Buccinum.undatum","invertebrates",1,1.5,"Low number of positive cases (presences) in model training data.","Reviewer 1: absent in Baltic with high confidence? Should be present on Swedish west coast. red/yellow | Reviewer 2: almost ok, esternmost record Plantagenet ground",1,1.25
"Bylgides.sarsi","invertebrates",3,2,"","Reviewer 1: underpredicted on the Swedish west coast/Kattegat? | Reviewer 2: for the Baltic ok, but missing in the Kattegat, also common there",2,2.5
"Callianassa.subterranea","invertebrates",1,1.5,"Low number of positive cases (presences) in model training data.","Reviewer 1: shouldn't occur in Baltic and absences should be with high confidence there? | Reviewer 2: not in the Baltic, only Kattegat",1,1.25
"Callopora.lineata","invertebrates",3,2.5,"","Reviewer 1: difficult to assess. | Reviewer 2: difficult to assess. green? | Reviewer 3: ok",2.5,2.75
"Cancer.pagurus","invertebrates",3,3,"","Reviewer 1: perhaps overpredicted somewhat in the Kattegat, range ok?? | Reviewer 2: ok",3,3
"Capitella.capitata","invertebrates",3,3,"","Reviewer 1: Jeanette Ågren: Swedish data missing from Hanöbukten? | Reviewer 2: OK, but the taxonomy has not yet been resolved (complex)",3,3
"Caprella.linearis","invertebrates",1,2,"Low number of positive cases (presences) in model training data.","Reviewer 1: occurrences around Åland and in northern Baltic proper seem unlikely | Reviewer 2: ok, but not east of Rugia, with one exception in the Bornholm basin",1,1.5
"Carcinus.maenas","invertebrates",3,NA,"",NA,3,3
"Cerastoderma.edule","invertebrates",3,1.5,"","Reviewer 1: perhaps overpredicted in the north Baltic | Reviewer 2: perhaps overpredicted in the north Baltic, maybe green | Reviewer 3: not occurring eqast of Rugia, Taxonomic difficulties have often led to confusion with C. glaucum in the past. | Reviewer 4: not occurring east of Rugia,  Taxonomic difficulties have often led to confusion with C. glaucum in the past.",1.5,2.25
"Cerastoderma.glaucum","invertebrates",3,3,"","Reviewer 1: ok",3,3
"Chaetoderma.nitidulum","invertebrates",3,3,"","Reviewer 1: absent with high confidence from the Baltic? | Reviewer 2: ok",3,3
"Chaetozone.setosa","invertebrates",3,2.5,"","Reviewer 1: Occurrences in the Baltic seem incorrect. | Reviewer 2: Occurrences in the Baltic seem incorrect.  Should be C. pseudosetosa? C. setosa is an Arctic species. | Reviewer 3: ok, but some taxonomical issues",2.5,2.75
"Chalinula.limbata","invertebrates",2,1.5,"Low number of positive cases (presences) in model training data.","Reviewer 1: Baltic occurrences seem incorrect. | Reviewer 2: not in the middle and northern Baltic",1.5,1.75
"Chamelea.gallina","invertebrates",3,2,"","Reviewer 1: Chamelea striatula (which is also the name used in the Helcom Red List). Chamelea gallina is a valid species but occurs e.g. in the Black Sea and Mediterranean. Underpredicted on the west coast, likely due to taxonomy. maybe green | Reviewer 2: ok, but the taxonomy has changed to Chamelea striatula (da Costa, 1778) ",2,2.5
"Cheirocratus.sundevallii","invertebrates",1,1,"Low number of positive cases (presences) in model training data.","Reviewer 1: Occurrences in the Baltic seem incorrect. | Reviewer 2: max east in Arkona Basin",1,1
"Chironomus.plumosus","invertebrates",1,1.5,"Low number of positive cases (presences) in model training data.","Reviewer 1: Underpredicted in the Baltic? | Reviewer 2: fresh and brackish water, data base is not uniform due to taxonomical issues",1,1.25
"Chone.fauveli","invertebrates",1,2.5,"Low number of positive cases (presences) in model training data.","Reviewer 1: absent with high confidence in Baltic? | Reviewer 2: few record in Kattegat",1,1.75
"Chone.filicaudata","invertebrates",1,1,"Low number of positive cases (presences) in model training data.","Reviewer 1: Occurrences in the Baltic seem incorrect? | Reviewer 2: only very few record in the Kattegat",1,1
"Ciona.intestinalis","invertebrates",1,1,"Low number of positive cases (presences) in model training data.","Reviewer 1: Unlikely to occur in Baltic and underpredicted on the west coast | Reviewer 2: quite common in the western Baltic but max east in Arkona Basin",1,1
"Clitellio.arenarius","invertebrates",1,1.5,"Low number of positive cases (presences) in model training data.","Reviewer 1: difficult to assess, ok? | Reviewer 2: taxonomical issues",1,1.25
"Clytia.hemisphaerica","invertebrates",2,2,"Low number of positive cases (presences) in model training data.","Reviewer 1: Absent with high confidence in most of the Baltic? Perhaps under predicted on Swedish west coast? | Reviewer 2: much more common in the western Baltic",2,2
"Cochlodesma.praetenue","invertebrates",1,2,"Low number of positive cases (presences) in model training data.","Reviewer 1: ok, though no occurrences in Baltic likely | Reviewer 2: occurring in the Kattegat and the entrance to Kiel Bay",1,1.5
"Corbula.gibba","invertebrates",3,3,"","Reviewer 1: Varicorbula gibba? Corbula gibba is unaccepted. Ok?   | Reviewer 2: now Varicorbula gibba (Olivi, 1792)",3,3
"Corophium.multisetosum","invertebrates",2,1,"Low number of positive cases (presences) in model training data.","Reviewer 1: Overpredicted in northern Baltic proper and Bothnian sea? | Reviewer 2: the map do not reflect the rareness of this species which is restricted to some/few estuaries in the Baltic, probably due to taxonomical inaccuracies | Reviewer 3: Does not occur in Finland to our knowledge",1,1.5
"Corophium.volutator","invertebrates",3,2.25,"","Reviewer 1: ok | Reviewer 2: Does not occur that far north in Finland to our knowledge",2.25,2.625
"Crangon.crangon","invertebrates",1,1.3333333333333333,"","Reviewer 1: overpredicting in Bothnian bay/sea | Reviewer 2: not north of Aland | Reviewer 3: Does only occur in the south and south-west  in Finland",1,1.1666666666666665
"Crassicorophium.crassicor","invertebrates",3,3,"","Reviewer 1: Should this be C. crassicorne? difficult to assess, ok? | Reviewer 2: ok but Crassicorophium crassicorne (Bruzelius, 1859)",3,3
"Crenella.decussata","invertebrates",2,3,"Low number of positive cases (presences) in model training data.","Reviewer 1: difficult to assess, ok? absent from Baltic with high confidence? | Reviewer 2: ok",2,2.5
"Cribrilina.punctata","invertebrates",1,1,"Low number of positive cases (presences) in model training data.","Reviewer 1: Occurrences in the Baltic unlikely/incorrect? | Reviewer 2: not east of Rugia | Reviewer 3: Does not occur in Finland to our knowledge",1,1
"Crisia.eburnea","invertebrates",2,1,"Low number of positive cases (presences) in model training data.","Reviewer 1: Occurrences in the Baltic seem incorrect | Reviewer 2: only on western Baltic, max east 14.5°E | Reviewer 3: Does not occur in Finland to our knowledge",1,1.5
"Cyanophthalma.obscura","invertebrates",3,3,"","Reviewer 1: Overpredicted on Swedish west coast? | Reviewer 2: ok",3,3
"Cyathura.carinata","invertebrates",1,2,"","Reviewer 1: difficult to assess. Overpredicted in central and northern Baltic proper and Bothnian sea? | Reviewer 2: almost ok, brackish, most east Gulf of Danzig",1,1.5
"Cylichna.cylindracea","invertebrates",3,2.5,"","Reviewer 1: ok but marine species and absent with high confidence in the Baltic | Reviewer 2: going also to Kiel and Mecklenburg Bay",2.5,2.75
"Dendrodoa.grossularia","invertebrates",3,1.6666666666666667,"","Reviewer 1: underpredicted on Swedish west coast? | Reviewer 2: occurring in Kattegat as well",1.6666666666666667,2.3333333333333335
"Diastylis.laevis","invertebrates",2,2.5,"Low number of positive cases (presences) in model training data.","Reviewer 1: ok, though marine species and absent from the Baltic with high confidence? | Reviewer 2: ok",2,2.25
"Diastylis.lucifera","invertebrates",1,2,"","Reviewer 1: perhaps somewhat overpredicted in the Baltic proper (apart from western areas should be absent with high confidence?). | Reviewer 2: not occurring in the Baltic, only in Kattegat, Belt and Sound",1,1.5
"Diastylis.rathkei","invertebrates",3,2.5,"","Reviewer 1: ok, though underpredicted on west coast of Sweden | Reviewer 2: ok, but also in Kattgat",2.5,2.75
"Diastyloides.biplicatus","invertebrates",2,1,"Low number of positive cases (presences) in model training data.","Reviewer 1: occurrences in Baltic seem incorrect.  | Reviewer 2: only Kattegat",1,1.5
"Diplocirrus.glaucus","invertebrates",1,1,"","Reviewer 1: occurrences in Baltic seem incorrect. ",1,1
"Dipolydora.quadrilobata","invertebrates",3,2.5,"","Reviewer 1: occurring also in the Kattegat",2.5,2.75
"Dosinia.exoleta","invertebrates",2,3,"Low number of positive cases (presences) in model training data.","Reviewer 1: ok, though absent with high confidence in Baltic | Reviewer 2: ok",2,2.5
"Dosinia.lupinus","invertebrates",1,1.6666666666666667,"Low number of positive cases (presences) in model training data.","Reviewer 1: Occurrences in the Baltic seem incorrect | Reviewer 2: ok | Reviewer 3: Does not occur in Finland to our knowledge",1,1.3333333333333335
"Dreissena.polymorpha","invertebrates",2,1.3333333333333333,"Low number of positive cases (presences) in model training data.","Reviewer 1: appears to be overpredicting current occurrence | Reviewer 2: only in inner coastal waters and estuaries, not north of Aland | Reviewer 3: The model in highly overestimating the distribution for Finland.  Occurring mainly in the Eastern Gulf of Finland, but as spread elsewhere as well, but not us much as the model predicts",1.3333333333333333,1.6666666666666665
"Dyopedos.monacanthus","invertebrates",1,1,"Low number of positive cases (presences) in model training data.","Reviewer 1: Overpredicting occurrences in Baltic? | Reviewer 2: max east Arkona Basin",1,1
"Echinocardium.cordatum","invertebrates",3,3,"","Reviewer 1: ok but absent with high confidence in Baltic? | Reviewer 2: ok",3,3
"Echinocyamus.pusillus","invertebrates",3,3,"","Reviewer 1: ok but absent with high confidence in Baltic? | Reviewer 2: ok",3,3
"Echiurus.echiurus","invertebrates",1,2.5,"Low number of positive cases (presences) in model training data.","Reviewer 1: ok (though should be no occurrences in Baltic)? | Reviewer 2: ok",1,1.75
"Ecrobia.ventrosa","invertebrates",3,3,"","Reviewer 1: ok",3,3
"Edwardsia.danica","invertebrates",1,1.5,"","Reviewer 1: underpredicted on Swedish west coast? Should be no occurrences further east in the Baltic and largely absent with high confidence? | Reviewer 2: ok, but open taxonomical issues",1,1.25
"Edwardsia.longicornis","invertebrates",2,1.3333333333333333,"Low number of positive cases (presences) in model training data.","Reviewer 1: predictions in Baltic(particularly Bothnian bay) incorrect? Should be absent there with high confidence. | Reviewer 2: ok, but open taxonomical issues | Reviewer 3: Does not occur in Finland to our knowledge",1.3333333333333333,1.6666666666666665
"Einhornia.crustulenta","invertebrates",3,2,"","Reviewer 1: underpredicted on Swedish east coast (Bothnian Sea)? | Reviewer 2: ok, but not north of Quarks, and occurring also in Kiel and Mecklenburg Bay | Reviewer 3: Does not occur in the Bothnian Bay",2,2.5
"Electra.pilosa","invertebrates",3,2.5,"","Reviewer 1: not in Gotland Basin",2.5,2.75
"Enipo.kinbergi","invertebrates",1,1,"Low number of positive cases (presences) in model training data.","Reviewer 1: occurrence east  of Bornholm unlikely (should be absent high confidence)? | Reviewer 2: only Kattegat and entrance",1,1
"Ennucula.tenuis","invertebrates",3,1.5,"","Reviewer 1: occurrence in northern Baltic Proper unlikely (absent with high confidence there)? | Reviewer 2: not in the Baltic, only Kattegat and entrance",1.5,2.25
"Ericthonius.brasiliensis","invertebrates",2,1,"Low number of positive cases (presences) in model training data.","Reviewer 1: marine species and unlikely to occur in Baltic? | Reviewer 2: only in Kattegat and western Baltic | Reviewer 3: Does not occur in Finland to our knowledge",1,1.5
"Erinaceusyllis.erinaceus","invertebrates",1,1,"Low number of positive cases (presences) in model training data.","Reviewer 1: difficult to assess, seems underpredicted on the Swedish west coast and overpredicted in the Baltic Sea. | Reviewer 2: max east Arkona Basin | Reviewer 3: Does not occur in Finland to our knowledge",1,1
"Eriopisa.elongata","invertebrates",1,1,"Low number of positive cases (presences) in model training data.","Reviewer 1: marine species and unlikely to occur in Baltic? | Reviewer 2: only Kattegat",1,1
"Escharella.immersa","invertebrates",2,2.5,"Low number of positive cases (presences) in model training data.","Reviewer 1: going more east to Mecklenburg Bay and Darss sill",2,2.25
"Eteone.longa","invertebrates",3,3,"","Reviewer 1: Absent with high confidence in the Baltic? | Reviewer 2: ok",3,3
"Euchone.papillosa","invertebrates",1,1,"Low number of positive cases (presences) in model training data.","Reviewer 1: occurrence in most of the Baltic unlikely, particularly further north and east | Reviewer 2: not east of Darss sill",1,1
"Eucratea.loricata","invertebrates",3,2.5,"","Reviewer 1: difficult to assess - seems ok | Reviewer 2: max east Arkona Basin",2.5,2.75
"Eudorella.emarginata","invertebrates",3,1,"","Reviewer 1: Marine species and unlikely to occur extensively in the Baltic, and particularly in northern areas? | Reviewer 2: only Kattegat and Belt and Sound",1,2
"Eudorella.truncatula","invertebrates",3,2.5,"","Reviewer 1: ok - though occurrences in Baltic unlikely (absent high confidence). | Reviewer 2: ok",2.5,2.75
"Eumida.bahusiensis","invertebrates",2,2,"Low number of positive cases (presences) in model training data.","Reviewer 1: seems ok on Swedish west coast, but should be absent from Baltic with high confidence? | Reviewer 2: only Kattegat, Sound and Mecklenburg Bay",2,2
"Eumida.sanguinea","invertebrates",3,3,"","Reviewer 1: ok, though absent with high confidence in Baltic? | Reviewer 2: ok",3,3
"Exogone.naidina","invertebrates",2,1,"Low number of positive cases (presences) in model training data.","Reviewer 1: marine species and occurrence unlikely in the Baltic Sea? | Reviewer 2: not east of Rugia",1,1.5
"Fabricia.stellaris","invertebrates",3,2.3333333333333335,"","Reviewer 1: marine species, not east of Arkona Basin | Reviewer 2: ok",2.3333333333333335,2.666666666666667
"Fabriciola.baltica","invertebrates",1,1.5,"","Reviewer 1: marine species, not east of Arkona Basin",1,1.25
"Fabulina.fabula","invertebrates",3,3,"","Reviewer 1: Underpredicted on Swedish west coast and absent with high confidence in most of Baltic? Otherwise ok | Reviewer 2: ok",3,3
"Farrella.repens","invertebrates",2,1,"Low number of positive cases (presences) in model training data.","Reviewer 1: extensive occurrence in Baltic unlikely ? | Reviewer 2: max east Arkona Basin | Reviewer 3: Does not occur in Finland to our knowledge",1,1.5
"Filellum.serpens","invertebrates",2,2.5,"Low number of positive cases (presences) in model training data.","Reviewer 1: ok? | Reviewer 2: ok? maybe yellow | Reviewer 3: max east Arkona Basin",2,2.25
"Flustra.foliacea","invertebrates",2,1,"Low number of positive cases (presences) in model training data.","Reviewer 1: occurrence in most of the Baltic unlikely, particularly further north and east | Reviewer 2: max east Arkona Basin, more common in western Baltic and Kattegat",1,1.5
"Galathowenia.oculata","invertebrates",3,3,"","Reviewer 1: ok, absent with high confidence in the Baltic? | Reviewer 2: ok",3,3
"Gammarellus.homari","invertebrates",2,1.5,"Low number of positive cases (presences) in model training data.","Reviewer 1: Marine species and occurrence unlikely in much of the Baltic? | Reviewer 2: max east Arkona Basin",1.5,1.75
"Gammarus.inaequicauda","invertebrates",1,1.5,"Low number of positive cases (presences) in model training data.","Reviewer 1: difficult to assess, ok? Recorded finds in southern Baltic and Gulf of Finland (gbif) | Reviewer 2: taxonomical issues of Gammarus locusta group , near coastal species of the southern Baltic, max east Gulf of Danzig",1,1.25
"Gammarus.locusta","invertebrates",1,1.3333333333333333,"","Reviewer 1: ok - uncertain about northerly occurrences | Reviewer 2: taxonomical issues of Gammarus locusta group, formerly often misidentified, but occurring from te south to the north (Bothnian Sea) | Reviewer 3: Does not occur that far North, at least to this extent, in Finland to our knowledge",1,1.1666666666666665
"Gammarus.oceanicus","invertebrates",2,2,"Low number of positive cases (presences) in model training data.","Reviewer 1: looks ok, but can also occur on Swedish west coast? | Reviewer 2: also common in the western Baltic Sea",2,2
"Gammarus.salinus","invertebrates",3,2.5,"","Reviewer 1: looks ok, but can also occur on Swedish west coast in freshwater influenced areas? | Reviewer 2: also common in the western Baltic Sea, probably not in te far north",2.5,2.75
"Gammarus.tigrinus","invertebrates",2,1.3333333333333333,"Low number of positive cases (presences) in model training data.","Reviewer 1: overpredicted on Swedish west coast? Occurrence in Baltic looks ok, but perhaps most value as indicator of potential spread rather than current occurrence? | Reviewer 2: near coastal species, estuaries, not open sea, own northernost finding in Bothnia sea and Bothnian Bay",1.3333333333333333,1.6666666666666665
"Gammarus.zaddachi","invertebrates",3,2.5,"","Reviewer 1: common also in the western Baltic Sea, often misidentified in the past",2.5,2.75
"Gastrosaccus.spinifer","invertebrates",3,2.5,"","Reviewer 1: seems ok, perhaps some more occurrence in Baltic (noted there according to GBIF)?? | Reviewer 2: seems ok, underpredicted on Swedish west coast and perhaps some more occurrence in Baltic (noted there according to GBIF)?? | Reviewer 3: seems ok, underpredicted on Swedish west coast and perhaps some more occurrence in thye southern Baltic (noted there according to GBIF)?? | Reviewer 4: ok",2.5,2.75
"Gattyana.cirrhosa","invertebrates",2,2,"Low number of positive cases (presences) in model training data.","Reviewer 1: ok but occurrences northern Baltic proper unlikely | Reviewer 2: Kattegat, Kiel Bay, Mecklenburg Bay",2,2
"Glycera.alba","invertebrates",3,3,"","Reviewer 1: ok, but absent with high confidence in the Baltic? | Reviewer 2: ok",3,3
"Glycera.unicornis","invertebrates",2,2.5,"Low number of positive cases (presences) in model training data.","Reviewer 1: ok, but absent with high confidence in the Baltic? | Reviewer 2: only Kattegat and entrance",2,2.25
"Glycinde.nordmanni","invertebrates",2,3,"Low number of positive cases (presences) in model training data.","Reviewer 1: ok, but absent with high confidence in the Baltic? | Reviewer 2: ok",2,2.5
"Golfingia.vulgaris","invertebrates",2,3,"Low number of positive cases (presences) in model training data.","Reviewer 1: ok, but absent with high confidence in the Baltic? | Reviewer 2: ok",2,2.5
"Goniada.maculata","invertebrates",3,3,"","Reviewer 1: ok? Perhaps some occurrence in Baltic (western) but otherwise absent with high confidence | Reviewer 2: ok",3,3
"Halcampa.duodecimcirrata","invertebrates",2,2.5,"Low number of positive cases (presences) in model training data.","Reviewer 1: ok? Perhaps more occurrence in Baltic (western) | Reviewer 2: not in Pomeranian Bay",2,2.25
"Halichondria.panicea","invertebrates",1,1,"Low number of positive cases (presences) in model training data.","Reviewer 1: overpredicted in the Baltic | Reviewer 2: max east Arkona Basin | Reviewer 3: Does not occur in Finland to our knowledge",1,1
"Halicryptus.spinulosus","invertebrates",3,2.5,"","Reviewer 1: ok? maybe yellow? | Reviewer 2: not north of Aland, occurs also in Kattegat",2.5,2.75
"Halisarca.dujardinii","invertebrates",2,3,"Low number of positive cases (presences) in model training data.","Reviewer 1: Absent from most of Baltic with high confidence | Reviewer 2: ok",2,2.5
"Haploops.tubicola","invertebrates",1,3,"Low number of positive cases (presences) in model training data.","Reviewer 1: ok, though absent with high confidence in majority of Baltic | Reviewer 2: ok | Reviewer 3: ok, but very rare",1,2
"Harmothoe.imbricata","invertebrates",3,3,"","Reviewer 1: ok, though may extend further into western Baltic, otherwise absent with high confidence in majority of Baltic? | Reviewer 2: ok",3,3
"Harpinia.antennaria","invertebrates",3,3,"","Reviewer 1: ok, though perhaps absent with high confidence from majority of Baltic | Reviewer 2: ok",3,3
"Harpinia.pectinata","invertebrates",1,2.6666666666666665,"Low number of positive cases (presences) in model training data.","Reviewer 1: ok, though absent from Baltic with high confidence? | Reviewer 2: ok, but rare species | Reviewer 3: very rare species | Reviewer 4: ok, but very rare species",1,1.8333333333333333
"Hartlaubella.gelatinosa","invertebrates",1,1.5,"","Reviewer 1: difficult to assess | Reviewer 2: difficult to assess. | Reviewer 3: not east of Bornholm Basin",1,1.25
"Haustorius.arenarius","invertebrates",1,1.5,"Low number of positive cases (presences) in model training data.","Reviewer 1: difficult to assess, perhaps overpredicting in the Baltic? | Reviewer 2: Kattegat, Kiel Bay, Mecklenburg Bay",1,1.25
"Hediste.diversicolor","invertebrates",3,2.5,"","Reviewer 1: bt no records in Bothnian Sea",2.5,2.75
"Hermania.scabra","invertebrates",2,3,"Low number of positive cases (presences) in model training data.","Reviewer 1: ok",2,2.5
"Heteromastus.filiformis","invertebrates",3,3,"","Reviewer 1: ok, occurrence perhaps a bit further west in Baltic | Reviewer 2: ok",3,3
"Heterotanais.oerstedii","invertebrates",3,2,"","Reviewer 1: ok, uncertain about occurrences in Bothnian bay | Reviewer 2: max east Arkona Basin | Reviewer 3: Has not been observed in Finland to our knowledge",2,2.5
"Hiatella.arctica","invertebrates",3,2.5,"","Reviewer 1: absences in Baltic should be high confidence? | Reviewer 2: ok, but not east of Rugia",2.5,2.75
"Homarus.gammarus","invertebrates",2,2.5,"Low number of positive cases (presences) in model training data.","Reviewer 1: absence in Baltic should be high confidence | Reviewer 2: no information of records in Baltic",2,2.25
"Hyala.vitrea","invertebrates",1,1.5,"","Reviewer 1: predicted occurrences in Baltic unlikely, and generally absent with high confidence there. | Reviewer 2: only Kattegat and entrance",1,1.25
"Hyas.araneus","invertebrates",2,2,"Low number of positive cases (presences) in model training data.","Reviewer 1: ok, except for occurrences in Baltic around Åland | Reviewer 2: few records in Kiel Bay",2,2
"Idotea.balthica","invertebrates",1,2.5,"","Reviewer 1: probably not north of Aland",1,1.75
"Idotea.chelipes","invertebrates",1,2,"","Reviewer 1: no informations north of Gotland | Reviewer 2: max north Aland",1,1.5
"Jaera.albifrons","invertebrates",3,2.5,"","Reviewer 1: Kiel and Mecklenbrug Bay common, northern record around Aland",2.5,2.75
"Kurtiella.bidentata","invertebrates",3,3,"","Reviewer 1: ok",3,3
"Labidoplax.buskii","invertebrates",2,2,"Low number of positive cases (presences) in model training data.","Reviewer 1: absences in Baltic should be high confidence? | Reviewer 2: very rare in Kattegat",2,2
"Lagis.koreni","invertebrates",3,1,"","Reviewer 1: Från Jeanette Ågren:Pectinaria koreni is an alternative representation. Lagis koreni is preferred. Swedish data missing (we use Pectinaria koreni). According to our databases distribution includes (in the Helcom area) Kattegatt and Öresund as well as a couple of observations south of Skåne (west of Ystad). This one is very odd. Does it refer to a different species? There has been confusion with Pectinaria belgica, but the map matches neither species. | Reviewer 2: not east of Arkona Basin",1,2
"Lamprops.fasciatus","invertebrates",2,1,"Low number of positive cases (presences) in model training data.","Reviewer 1: Occurrences in Baltic incorrect? Absent with high confidence there? | Reviewer 2: not occurring east of Kiel Bay",1,1.5
"Lanice.conchilega","invertebrates",3,2.5,"","Reviewer 1: ok, underpredicted on the Swedish west coast though? Absent from Baltic with high confidence | Reviewer 2: ok",2.5,2.75
"Laonice.bahusiensis","invertebrates",2,2.5,"Low number of positive cases (presences) in model training data.","Reviewer 1: ok, though absent with high confidence in Baltic? | Reviewer 2: only Kattegat",2,2.25
"Laonome.kroyeri","invertebrates",2,2.5,"Low number of positive cases (presences) in model training data.","Reviewer 1: ok? Generally absent in Baltic with high confidence, perhaps underpredicted on Swedish southwest coast? | Reviewer 2: ok",2,2.25
"Leptocheirus.pilosus","invertebrates",1,1,"Low number of positive cases (presences) in model training data.","Reviewer 1: unsure about occurrences in Bothnian Bay, and overpredicted in Kattegat? | Reviewer 2: near coastal species, estuaries, north to Bothnian Sea | Reviewer 3: Overestimates highly North of the Kvarken region",1,1
"Leptochiton.asellus","invertebrates",1,1,"Low number of positive cases (presences) in model training data.","Reviewer 1: marine species and occurrences in Baltic unlikely. | Reviewer 2: not in the Baltic, only Kattegat | Reviewer 3: not in the Baltic, only Kattegat and entrance | Reviewer 4: Does not occur in Finland to our knowledge",1,1
"Leucon.nasica","invertebrates",1,1.5,"","Reviewer 1: ok, though occurrences in Baltic unlikely and absent with high confidence | Reviewer 2: only Kattegat",1,1.25
"Leucothoe.lilljeborgi","invertebrates",1,2.5,"Low number of positive cases (presences) in model training data.","Reviewer 1: ok, though occurrences in Baltic unlikely and absent with high confidence | Reviewer 2: ok",1,1.75
"Levinsenia.gracilis","invertebrates",3,3,"","Reviewer 1: ok, but possibly extends further into western Baltic? | Reviewer 2: ok",3,3
"Limecola.balthica","invertebrates",3,3,"","Reviewer 1: Macoma balthica. Limecola balthica is unaccepted.  | Reviewer 2: ok but now again Macoma balthica (Linnaeus, 1758), occurring also in Kattegat",3,3
"Lineus.ruber","invertebrates",3,2,"","Reviewer 1: overpredicted in large parts of Baltic sea? | Reviewer 2: taxonomical issues, misidentifications possible, in my opinion not known east of Arkona Basin (except Gulf of Danzig)",2,2.5
"Lipobranchius.jeffreysii","invertebrates",1,1,"Low number of positive cases (presences) in model training data.","Reviewer 1: Baltic occurrences  seem incorrect | Reviewer 2: Kattegat only",1,1
"Littorina.littorea","invertebrates",1,1,"","Reviewer 1: overpredicted in the  Baltic? | Reviewer 2: not east of Arkona Basin, common in western Baltic and Kattegat",1,1
"Littorina.saxatilis","invertebrates",1,1,"","Reviewer 1: overpredicted in the  Baltic? | Reviewer 2: common in Westren Baltic, mainly estuaries, probably not east of Pomeranian Bay",1,1
"Loligo.forbesii","invertebrates",3,3,"",NA,3,3
"Lucinoma.borealis","invertebrates",1,1,"Low number of positive cases (presences) in model training data.","Reviewer 1: Occurrences in Baltic incorrect? Absent with high confidence there? | Reviewer 2: only in Kattegat and entrance",1,1
"Lysilla.loveni","invertebrates",2,2.3333333333333335,"Low number of positive cases (presences) in model training data.","Reviewer 1: ok, though absent in Baltic with high confidence | Reviewer 2: ok, though absent in Baltic with high confidence, maybe yellow. | Reviewer 3: almost ok, but also Mecklenburg Bay",2,2.166666666666667
"Macoma.calcarea","invertebrates",3,2.5,"","Reviewer 1: underpredicted in the southwestern Baltic? | Reviewer 2: recent ok, formerly more easterwards to Arkona and Bornholm Basin",2.5,2.75
"Macroplea.mutica","invertebrates",1,1,"","Reviewer 1: Seems to be underpredicted throughout its range | Reviewer 2: fresh and brackish water species of estuaries, data base not sufficient",1,1
"Macropodia.rostrata","invertebrates",2,1.5,"Low number of positive cases (presences) in model training data.","Reviewer 1: underpredicted along the Swedish west coast and absent with high confidence in the Baltic? | Reviewer 2: quite frequent from Kattegat to Kiel Bay",1.5,1.75
"Magelona.alleni","invertebrates",3,3,"","Reviewer 1: ok, though absent with high confidence in the Baltic? | Reviewer 2: ok",3,3
"Magelona.minuta","invertebrates",3,3,"","Reviewer 1: ok, though absent with high confidence in the Baltic? | Reviewer 2: ok",3,3
"Magelona.mirabilis","invertebrates",1,2.5,"","Reviewer 1: ok, though absent with high confidence in the Baltic? | Reviewer 2: ok, but only in Kattegat and Kiel Bay",1,1.75
"Malacobdella.grossa","invertebrates",3,2,"","Reviewer 1: underpredicted on Swedish west coast? | Reviewer 2: as commensal of Arctica with its distribution, east to Arkoa Basin",2,2.5
"Maldane.sarsi","invertebrates",3,3,"","Reviewer 1: ok, though absent with high confidence in the Baltic? | Reviewer 2: ok",3,3
"Manayunkia.aestuarina","invertebrates",1,2.5,"","Reviewer 1: in the north to Archipelago Sea, brackish water species of estuaries and coastal waters",1,1.75
"Marenzelleria","invertebrates",3,3,"","Reviewer 1: ok for the whole genus",3,3
"Mediomastus.fragilis","invertebrates",3,3,"","Reviewer 1: ok",3,3
"Megamphopus.cornutus","invertebrates",1,1,"Low number of positive cases (presences) in model training data.","Reviewer 1: overpredicting occurrences in the Baltic. | Reviewer 2: Kattegat, Belt, Sound and kKiel Bay only",1,1
"Melita.palmata","invertebrates",1,1.6666666666666667,"","Reviewer 1: occurring also in Kiel Bay, Mecklenburg Bay, Kattegat | Reviewer 2: Does not occur in Finland to our knowledge",1,1.3333333333333335
"Metridium.senile","invertebrates",2,1.5,"Low number of positive cases (presences) in model training data.","Reviewer 1: underpredicting occurrences on the Swedish west coast. | Reviewer 2: quite common in the western Baltic Sea west of Rugia",1.5,1.75
"Microdeutopus.gryllotalpa","invertebrates",1,1.5,"","Reviewer 1: okish? | Reviewer 2: common species in the western Baltic from Kiel Bay to Pomeranian Bay and also in Kattegat",1,1.25
"Microphthalmus.sczelkowii","invertebrates",2,1.5,"Low number of positive cases (presences) in model training data.","Reviewer 1: difficult to assess, absent from eastern and northern Baltic areas? | Reviewer 2: only in the western Baltic, Kiel Bay, Mecklenburg Bay, Kattegat and Belts",1.5,1.75
"Micrura.baltica","invertebrates",2,1.3333333333333333,"Low number of positive cases (presences) in model training data.","Reviewer 1: difficult to assess - unsure about northerly predictions in Baltic | Reviewer 2: very few informations of this Nemertea from Kattegat | Reviewer 3: Does not at least as this taxon occur in Finland. Didn´t find any synonyms either",1.3333333333333333,1.6666666666666665
"Modiolus.modiolus","invertebrates",3,3,"","Reviewer 1: ok, though absent with high confidence in the Baltic? | Reviewer 2: ok, but also ccurring in Fehmarnbelt region",3,3
"Molgula.manhattensis","invertebrates",2,2.5,"Low number of positive cases (presences) in model training data.","Reviewer 1: ok? | Reviewer 2: occurring in Kattagat and Belt and Sound frequently",2,2.25
"Monocorophium.insidiosum","invertebrates",2,2,"Low number of positive cases (presences) in model training data.","Reviewer 1: ok, though largely absent with high confidence in the Baltic, apart from very south west? | Reviewer 2: one of the common corophii distributed from Kattegat to Greifswald lagoon and Pomeranian Bay",2,2
"Monoporeia.affinis","invertebrates",3,2,"","Reviewer 1: underpredicted in Baltic proper? | Reviewer 2: ok, sporadically also west of Rugia observed",2,2.5
"Musculus.discors","invertebrates",2,2,"Low number of positive cases (presences) in model training data.","Reviewer 1: ok, though should be absent from the Baltic, and with high confidence (except perhaps the south west)? | Reviewer 2: ok, though should be absent from the Baltic, and with high confidence (except perhaps the south west)? maybe red | Reviewer 3: Kattegat to Arkona Basin, frequently in Kiel and Mecklenburg Bay",2,2
"Musculus.niger","invertebrates",3,1.6666666666666667,"","Reviewer 1: underpredicted on the Swedish west coast and absent with high confidence from most of Baltic? maybe yellow | Reviewer 2: underpredicted on the Swedish west coast and absent with high confidence from most of Baltic? | Reviewer 3: Kattegat to Arkona Basin, frequently in Kiel and Mecklenburg Bay",1.6666666666666667,2.3333333333333335
"Musculus.subpictus","invertebrates",1,1,"Low number of positive cases (presences) in model training data.","Reviewer 1: Occurrences in the Baltic highly unlikely, except for most southwestern part? | Reviewer 2: not east of Darss sill | Reviewer 3: Does not occur in Finland to our knowledge",1,1
"Mya.arenaria","invertebrates",3,3,"","Reviewer 1: ok",3,3
"Mya.truncata","invertebrates",3,1.5,"","Reviewer 1: overpredicted occurrence in the Baltic, primarily marine species? | Reviewer 2: not east of Arkona Basin",1.5,2.25
"Mysia.undata","invertebrates",2,1.6666666666666667,"Low number of positive cases (presences) in model training data.","Reviewer 1: occurrences in Bothnian bay seem incorrect and absent with high confidence in the Baltic generally? | Reviewer 2: ok | Reviewer 3: Does not occur in Finland to our knowledge",1.6666666666666667,1.8333333333333335
"Mysis.mixta","invertebrates",3,1.5,"","Reviewer 1: underpredicted in the Baltic proper? | Reviewer 2: also occurring in the wetsern Baltic Sea, Kiel Bay, Mecklenburg Bay | Reviewer 3: also occurring in the wetsern Baltic Sea, Kiel Bay, Mecklenburg Bay, Kattegat",1.5,2.25
"Mysis.relicta","invertebrates",3,2.5,"","Reviewer 1: somewhat underpredicted in Baltic proper? | Reviewer 2: ok",2.5,2.75
"Mytilus","invertebrates",3,2.3333333333333335,"","Reviewer 1: ok, underpredicted in Kattegat? maybe green? | Reviewer 2: ok for the genus | Reviewer 3: Seems to underestimate somewhat on the Finnish coast. Should occur up to the Kvarken region and into eastern gulf of Finland, even though getting less common",2.3333333333333335,2.666666666666667
"Neoamphitrite.figulus","invertebrates",3,1,"","Reviewer 1: Easterly occurrences in Baltic proper unlikely and generally absent from the Baltic with high confidence? | Reviewer 2: not eat of Arkona Basin",1,2
"Neomysis.integer","invertebrates",3,2.5,"","Reviewer 1: very common in all Baltic subbasins except Bothnian Bay",2.5,2.75
"Nephrops.norvegicus","invertebrates",3,3,"","Reviewer 1: ok",3,3
"Nephtys.assimilis","invertebrates",3,3,"","Reviewer 1: ok, though absent with high confidence in the Baltic? | Reviewer 2: ok",3,3
"Nephtys.caeca","invertebrates",3,3,"","Reviewer 1: ok",3,3
"Nephtys.ciliata","invertebrates",3,2.5,"","Reviewer 1: ok, underpredicted on Swedish west coast? | Reviewer 2: ok",2.5,2.75
"Nephtys.cirrosa","invertebrates",1,1,"Low number of positive cases (presences) in model training data.","Reviewer 1: should be absent from the  Baltic | Reviewer 2: only in Kattegat and entrance | Reviewer 3: Does not occur in Finland to our knowledge",1,1
"Nephtys.incisa","invertebrates",1,1,"","Reviewer 1: should be absent from the  Baltic | Reviewer 2: not eat of Darss sill",1,1
"Nephtys.longosetosa","invertebrates",3,3,"","Reviewer 1: ok, though should be absent from the Baltic, and with high confidence (except perhaps the very south west)? | Reviewer 2: ok",3,3
"Nephtys.pente","invertebrates",2,2.5,"Low number of positive cases (presences) in model training data.","Reviewer 1: ok, though should be absent from the Baltic, and with high confidence (except perhaps the very south west)? | Reviewer 2: ok",2,2.25
"Nereimyra.punctata","invertebrates",3,2,"","Reviewer 1: occurrences in Baltic unlikely, and should be absent with high confidence for most of Baltic Sea) | Reviewer 2: not east of Rugia",2,2.5
"Nicolea.zostericola","invertebrates",1,1,"Low number of positive cases (presences) in model training data.","Reviewer 1: overpredicting occurrences in the Baltic? | Reviewer 2: not east of Bornholm Basin | Reviewer 3: Does not occur in Finland to our knowledge",1,1
"Nicomache.minor","invertebrates",1,1,"Low number of positive cases (presences) in model training data.","Reviewer 1: difficult to assess, but unlikely to occur in the Baltic? | Reviewer 2: not east of Mecklenburg Bay | Reviewer 3: Does not occur in Finland to our knowledge",1,1
"Notomastus.latericeus","invertebrates",3,3,"","Reviewer 1: ok, but mostly absent with high confidence in the Baltic? | Reviewer 2: ok",3,3
"Nucula.nitidosa","invertebrates",3,3,"","Reviewer 1: ok, but mostly absent with high confidence in the Baltic? | Reviewer 2: ok",3,3
"Nucula.sulcata","invertebrates",1,2.5,"Low number of positive cases (presences) in model training data.","Reviewer 1: ok, but mostly absent with high confidence in the Baltic? | Reviewer 2: ok, but mostly absent with high confidence in the Baltic? maybe yellow | Reviewer 3: restricted to Kattegat",1,1.75
"Nuculana.pernula","invertebrates",1,1,"Low number of positive cases (presences) in model training data.","Reviewer 1: occurrences in Baltic unlikely | Reviewer 2: only Kattegat and entrance",1,1
"Nymphon.brevirostre","invertebrates",1,1,"Low number of positive cases (presences) in model training data.","Reviewer 1: occurrences in Baltic unlikely | Reviewer 2: not east of Arkona Basin",1,1
"Onoba.semicostata","invertebrates",3,1,"","Reviewer 1: overpredicted in Baltic Sea | Reviewer 2: not east of Arkona Basin",1,2
"Opercularella.lacerata","invertebrates",2,1,"Low number of positive cases (presences) in model training data.","Reviewer 1: difficult to assess, but seems to be overpredicting occurrences in Baltic - unlikely to occur extensively there? | Reviewer 2: not east of Bornholm Basin",1,1.5
"Ophelia.borealis","invertebrates",3,3,"","Reviewer 1: ok, though absent from Baltic with high confidence? | Reviewer 2: ok",3,3
"Ophelia.rathkei","invertebrates",3,3,"","Reviewer 1: ok, though absent from Baltic with high confidence? | Reviewer 2: ok",3,3
"Ophelina.acuminata","invertebrates",1,2,"","Reviewer 1: occurrences in Baltic seam incorrect and should be largely absent from Baltic with high confidence? | Reviewer 2: ok",1,1.5
"Ophiura.albida","invertebrates",3,2.5,"","Reviewer 1: ok, underpredicted on Swedish west coast? | Reviewer 2: ok | Reviewer 3: ok, few additinal records from Arkona Basin",2.5,2.75
"Owenia.fusiformis","invertebrates",3,3,"","Reviewer 1: ok, though absent from Baltic with high confidence? | Reviewer 2: ok",3,3
"Oxydromus.flexuosus","invertebrates",2,3,"Low number of positive cases (presences) in model training data.","Reviewer 1: ok, though absent from Baltic with high confidence? | Reviewer 2: ok",2,2.5
"Palaemon.adspersus","invertebrates",1,1.3333333333333333,"Low number of positive cases (presences) in model training data.","Reviewer 1: overpredicted in Bothnian? | Reviewer 2: ok, but probably not north of Quarks, also in coastal waters of Kiel and Mecklenburg Bay | Reviewer 3: Does not occur north of the Kvarken region in Finland to our knowledge",1,1.1666666666666665
"Paradoneis.eliasoni","invertebrates",2,3,"Low number of positive cases (presences) in model training data.","Reviewer 1: ok, though absent with high confidence in the Baltic? | Reviewer 2: ok",2,2.5
"Paramphinome.jeffreysii","invertebrates",2,2,"Low number of positive cases (presences) in model training data.","Reviewer 1: ok, but occurrences in Baltic incorrect - should be absent with high confidence there? | Reviewer 2: Kattegat, Belt, Kel Bay",2,2
"Paraonis.fulgens","invertebrates",3,2,"","Reviewer 1: occurrences in Baltic seam incorrect and should be largely absent from Baltic with high confidence (except perhaps very southwest)? | Reviewer 2: ok",2,2.5
"Parathyasira.equalis","invertebrates",1,1.5,"Low number of positive cases (presences) in model training data.","Reviewer 1: ok, though occurrence in northern Baltic proper unlikely | Reviewer 2: only Kattegat",1,1.25
"Parexogone.hebes","invertebrates",2,2,"Low number of positive cases (presences) in model training data.","Reviewer 1: also in Mecklenburg Bay",2,2
"Pariambus.typicus","invertebrates",2,3,"Low number of positive cases (presences) in model training data.","Reviewer 1: ok, though absent with high confidence in most of the Baltic? | Reviewer 2: ok",2,2.5
"Parvicardium.exiguum","invertebrates",1,1.5,"","Reviewer 1: difficult to assess | Reviewer 2: difficult to assess, probably overpredicted in the Baltic? | Reviewer 3: restricted to Kattegat and western Baltic Sea, taxonomical issues",1,1.25
"Parvicardium.hauniense","invertebrates",1,1,"","Reviewer 1: underpredicting occurrences in the Baltic? | Reviewer 2: taxonomical issues, occurs in few brackish coastal waters of Denmark and Germany, not in Stettin lagoon, records of northern Balti are questionable but not to be ruled out",1,1
"Parvicardium.minimum","invertebrates",2,1,"Low number of positive cases (presences) in model training data.","Reviewer 1: occurrences in the Baltic seem incorrect, should be absent there with high confidence? | Reviewer 2: definitely only in Kattegat and entrance | Reviewer 3: definitely only in Kattegat and entrance, Kiel and Mecklenburg Bay rare",1,1.5
"Parvicardium.pinnulatum","invertebrates",3,3,"","Reviewer 1: seems ok, though largely absent from Baltic with high confidence? | Reviewer 2: ok",3,3
"Parvicardium.scabrum","invertebrates",1,1,"Low number of positive cases (presences) in model training data.","Reviewer 1: overpredicting in the Baltic? | Reviewer 2: definitely only in Kattegat and entrance, Kiel and Mecklenburg Bay rare",1,1
"Pectinaria.belgica","invertebrates",3,3,"","Reviewer 1: ok, though occurrences in Baltic unlikely and absent with high confidence | Reviewer 2: ok",3,3
"Pennatula.phosphorea","invertebrates",1,3,"Low number of positive cases (presences) in model training data.","Reviewer 1: seems ok, though largely absent from Baltic with high confidence? | Reviewer 2: ok",1,2
"Peringia.ulvae","invertebrates",3,2.5,"","Reviewer 1: generally ok, perhaps overpredicting on Swedish east coast in Bothnian Sea? | Reviewer 2: ok",2.5,2.75
"Perioculodes.longimanus","invertebrates",3,3,"","Reviewer 1: ok, though should be absent with high confidence in the Baltic Sea? | Reviewer 2: ok",3,3
"Phaxas.pellucidus","invertebrates",3,3,"","Reviewer 1: ok, though should be absent with high confidence in the Baltic Sea? | Reviewer 2: ok",3,3
"Pherusa.plumosa","invertebrates",3,2.5,"","Reviewer 1: ok? Occurrences in Baltic unlikely | Reviewer 2: ok",2.5,2.75
"Philine.aperta","invertebrates",3,1,"","Reviewer 1: Från Jeanette Ågren: Philine quadripartita. The maps of P. quadripartita and P. aperta should be merged under the former name. WoRMS: Philine aperta and P. quadripartita have long been treated as synonyms. However, according to Price et al. (2011), based on anatomy, there are two distinct species, the first one in South Africa and Mozambique, the second one in European seas. | Reviewer 2: P. aperta not occurrin in the northern hemisphere, all old records belong to P. quadripartita",1,2
"Philine.quadripartita","invertebrates",3,1.5,"","Reviewer 1: ok, but occurrences in eastern Baltic incorrect?? | Reviewer 2: combine P. aperta and P. quadripartita, all records are now P. quadripartita, frequent from Kattegat, Kiel Bay to Arkona Basin",1.5,2.25
"Pholoe.assimilis","invertebrates",3,2.6666666666666665,"","Reviewer 1: absent from Baltic with high confidence? | Reviewer 2: ok",2.6666666666666665,2.833333333333333
"Pholoe.baltica","invertebrates",3,2.5,"","Reviewer 1: ok, though absent from Baltic with high confidence? | Reviewer 2: east also Mecklenburg Bay to Arkona Basin",2.5,2.75
"Pholoe.inornata","invertebrates",3,2.5,"","Reviewer 1: seems ok, though largely absent from Baltic with high confidence? | Reviewer 2: also Kiel and Mecklenburg Bay",2.5,2.75
"Pholoe.pallida","invertebrates",1,2.5,"","Reviewer 1: seems ok, though largely absent from Baltic with high confidence? | Reviewer 2: ok, only Kattegat",1,1.75
"Phoronis.muelleri","invertebrates",3,2.6666666666666665,"","Reviewer 1: difficult to assess Baltic occurrence, otherwise ok? | Reviewer 2: ok | Reviewer 3: ok, but also in Kiel and Meckleburg Bay, Arkona Basin rarely",2.6666666666666665,2.833333333333333
"Photis.longicaudata","invertebrates",1,1,"Low number of positive cases (presences) in model training data.","Reviewer 1: Baltic occurrences seem incorrect | Reviewer 2: only Kattegat and entrance, Kiel Bay, not in the east or north | Reviewer 3: Does not occur in Finland to our knowledge",1,1
"Phoxocephalus.holbolli","invertebrates",2,2.5,"Low number of positive cases (presences) in model training data.","Reviewer 1: also in Mecklenburg Bay and Arkona Basin",2,2.25
"Phyllodoce.groenlandica","invertebrates",3,2.5,"","Reviewer 1: ok, but underpredicted on Swedish west coast and should be absent from Baltic with high confidence? | Reviewer 2: ok",2.5,2.75
"Phyllodoce.mucosa","invertebrates",3,2.5,"","Reviewer 1: ok, though mostly absent from Baltic with high confidence (except for south west)? | Reviewer 2: not east of Arkona Basin",2.5,2.75
"Phyllodoce.rosea","invertebrates",2,2,"Low number of positive cases (presences) in model training data.","Reviewer 1: Occurrences in the Baltic seem incorrect. | Reviewer 2: ok",2,2
"Pisione.remota","invertebrates",2,1.3333333333333333,"Low number of positive cases (presences) in model training data.","Reviewer 1: Baltic occurrences seem incorrect | Reviewer 2: ok, few records from Kattegat, Kiel Bay and Sound | Reviewer 3: Does not occur in Finland to our knowledge",1.3333333333333333,1.6666666666666665
"Platynereis.dumerilii","invertebrates",3,2,"","Reviewer 1: Overpredicted in the Baltic? | Reviewer 2: not east of Darss sill",2,2.5
"Poecilochaetus.serpens","invertebrates",3,2.5,"","Reviewer 1: ok but absent with high confidence in Baltic? | Reviewer 2: Kattegat to Kiel Bay and Mecklenburg Bay",2.5,2.75
"Polycirrus.medusa","invertebrates",3,2.5,"","Reviewer 1: ok but occurrences in northern Baltic proper unlikely and generally absent with high confidence throughout the Baltic? | Reviewer 2: ok, east to Arkona Basin",2.5,2.75
"Polycirrus.norvegicus","invertebrates",2,1.5,"Low number of positive cases (presences) in model training data.","Reviewer 1: ok but occurrences in Bothnian Sea and northern Baltic unlikely, instead absent with high confidence? | Reviewer 2: very few records from Kattegat",1.5,1.75
"Polycirrus.plumosus","invertebrates",2,2,"Low number of positive cases (presences) in model training data.","Reviewer 1: ok. Absent with high confidence from Baltic | Reviewer 2: very few records from Kattegat",2,2
"Polydora.cornuta","invertebrates",3,2,"","Reviewer 1: overpredicted in the Baltic, particularly northern and eastern areas? | Reviewer 2: not below 2 psu, not in Stettin lagoon",2,2.5
"Polyphysia.crassa","invertebrates",2,2,"Low number of positive cases (presences) in model training data.","Reviewer 1: ok, perhaps occurrences in southwestern Baltic? | Reviewer 2: only Kattegat and entrance",2,2
"Pontoporeia.femorata","invertebrates",3,3,"","Reviewer 1: unsure about fine scale distribution patterns | Reviewer 2: ok",3,3
"Potamopyrgus.antipodarum","invertebrates",1,2.5,"","Reviewer 1: restricted to the inner coastal waters around the whole Baltic Sea",1,1.75
"Praxillella.affinis","invertebrates",3,1,"","Reviewer 1: Baltic occurrences seem incorrect. | Reviewer 2: only Kattegat",1,2
"Praxillella.praetermissa","invertebrates",3,3,"","Reviewer 1: ok, though absent with high confidence from Baltic? | Reviewer 2: ok",3,3
"Priapulus.caudatus","invertebrates",3,2.5,"","Reviewer 1: ok, perhaps overpredicting in the Baltic somewhat? | Reviewer 2: ok",2.5,2.75
"Prionospio.fallax","invertebrates",3,3,"","Reviewer 1: ok though absent with high confidence from the Baltic? | Reviewer 2: ok",3,3
"Prionospio.multibranchiat","invertebrates",3,3,"","Reviewer 1: ok though absent with high confidence from the Baltic? | Reviewer 2: ok",3,3
"Prionospio.steenstrupi","invertebrates",1,1,"Low number of positive cases (presences) in model training data.","Reviewer 1: occurrences in the Baltic seem incorrect, should be absent there with high confidence? | Reviewer 2: not east of Mecklenburg Bay",1,1
"Protomedeia.fasciata","invertebrates",3,3,"","Reviewer 1: ok, though absent with high confidence throughout the Baltic except very south west? | Reviewer 2: ok",3,3
"Psammechinus.miliaris","invertebrates",2,2.5,"Low number of positive cases (presences) in model training data.","Reviewer 1: ok, somewhat underpredicted on Swedish west coast? | Reviewer 2: ok",2,2.25
"Pusillina.inconspicua","invertebrates",2,2,"Low number of positive cases (presences) in model training data.","Reviewer 1: absent from Baltic with high confidence? | Reviewer 2: The taxonomy status/distingish between P. sarsi and P. inconspicua is not finally clarified. In my opinion P. incosnpicua is occurring in Kattegat, Kiel Bay, Mecklenburg Bay frequently.",2,2
"Pusillina.sarsii","invertebrates",1,1,"","Reviewer 1: overpredicting in the Baltic? | Reviewer 2: The taxonomy status/distingish between P. sarsi and P. inconspicua is not finally clarified. Contrary to my experience, some experts claim that P. sarsi is more tolerant of brackish water than P. inconspicua.",1,1
"Pygospio.elegans","invertebrates",3,3,"","Reviewer 1: ok",3,3
"Rangia.cuneata","invertebrates",2,1,"Low number of positive cases (presences) in model training data.","Reviewer 1: overpredicting, particularly in Bothnian bay /sea? | Reviewer 2: new species, dispersion not finished, but not north than Latvia (?) | Reviewer 3: new species, dispersion not finished, but not north than Aland (?) | Reviewer 4: Highly overestimating for the Finnish coast. Currently  observed in the Gulf of Finland, the Bothnian Bay and few locations in the Archipelago Sea. The species is currently spreading along the Finnish coast though",1,1.5
"Retusa.obtusa","invertebrates",1,2,"","Reviewer 1: ok, though occurrences in eastern Baltic unlikely? And mostly absent with high confidence in the Baltic? | Reviewer 2: ok, but not belkow 7 psu, not in Stettin lagoon, Kattegat common",1,1.5
"Rhithropanopeus.harrisii","invertebrates",1,1.3333333333333333,"Low number of positive cases (presences) in model training data.","Reviewer 1: overpredicting, but perhaps useful for predicting future spread | Reviewer 2: known from the whole Baltic but not north of Aland (so far) | Reviewer 3: Overestimating. Currently in Finland mainly in the Archipelago Sea and the Western parts of the Gulf of Finland",1,1.1666666666666665
"Rhodine.gracilior","invertebrates",3,3,"","Reviewer 1: ok",3,3
"Rhodine.loveni","invertebrates",3,3,"","Reviewer 1: ok, though absent with high confidence in majority of Baltic | Reviewer 2: ok",3,3
"Rissoa.membranacea","invertebrates",1,1.5,"","Reviewer 1: difficult to assess. Ok? Perhaps overpredicting somewhat in northerly locations? | Reviewer 2: not east of Pomeranian Bay, not below 8 psu",1,1.25
"Saduria.entomon","invertebrates",3,2.3333333333333335,"","Reviewer 1: unsure about finescale distribution patterns. maybe yellow | Reviewer 2: occassionally to Mecklenburg Bay and Arkona Basin | Reviewer 3: Should also occur into the northern parts of the Bothnian Bay and closer to the coast as well",2.3333333333333335,2.666666666666667
"Scalibregma.inflatum","invertebrates",3,3,"","Reviewer 1: ok, perhaps present in southwestern Baltic, and absent with high confidence in the rest of the Baltic? | Reviewer 2: ok",3,3
"Scolelepis.foliosa","invertebrates",1,1,"Low number of positive cases (presences) in model training data.","Reviewer 1: map doesn't seem to have captured distribution. Unlikely to occur extensively in the Baltic | Reviewer 2: nopt east of Darss sill",1,1
"Scolelepis.squamata","invertebrates",1,1,"Low number of positive cases (presences) in model training data.","Reviewer 1: map doesn't seem to have captured distribution. Unlikely to occur extensively in the Baltic | Reviewer 2: only in Kattegat, Kiel Bay, Mecklenbrug Bay",1,1
"Scolelepis.tridentata","invertebrates",1,1,"Low number of positive cases (presences) in model training data.","Reviewer 1: Baltic occurrences highly unlikely | Reviewer 2: only in Kattegat and entrance",1,1
"Scoloplos.armiger","invertebrates",3,2.5,"","Reviewer 1: ok? Presence could extend somewhat further north in Baltic proper? maybe green | Reviewer 2: ok",2.5,2.75
"Scrobicularia.plana","invertebrates",3,1.5,"","Reviewer 1: difficult to assess, ok? overpredicting in the Baltic proper? | Reviewer 2: only in the western Baltic (Kiel Bay, Mecklenburg Bay and its estuaries, not east of Darss sill",1.5,2.25
"Sertularia.cupressina","invertebrates",2,2.5,"Low number of positive cases (presences) in model training data.","Reviewer 1: ok, absence in Baltic should be high confidence? | Reviewer 2: in the east to Arkona Basin",2,2.25
"Sigalion.mathildae","invertebrates",1,1,"","Reviewer 1: Occurrence in Bothnian Bay highly unlikely | Reviewer 2: very few records from Kattegat | Reviewer 3: Does not occur in Finland to our knowledge",1,1
"Sphaerodorum.gracilis","invertebrates",2,2.5,"Low number of positive cases (presences) in model training data.","Reviewer 1: restricted to the Kattegat and ocassionally also Kiel Bay",2,2.25
"Sphaerosyllis.hystrix","invertebrates",1,1,"Low number of positive cases (presences) in model training data.","Reviewer 1: map doesn't seem to have captured distribution. | Reviewer 2: not east of Arkona Basin",1,1
"Spio.armata","invertebrates",2,1,"Low number of positive cases (presences) in model training data.","Reviewer 1: overpredicting in Baltic, and shouldn't occur far north or east there? | Reviewer 2: not east of Mecklenburg Bay",1,1.5
"Spio.arndti","invertebrates",2,1,"Low number of positive cases (presences) in model training data.","Reviewer 1: difficult to assess, but map doesn't seem to have captured probable distribution? | Reviewer 2: the record of Spio filicornis from the Baltic Sea belong to Spio arndti, records of Spio arndti not east of Rugia",1,1.5
"Spio.filicornis","invertebrates",3,2,"","Reviewer 1: ok, though generally absent with high confidence in the Baltic | Reviewer 2: the record of Spio filicornis from the Baltic Sea belong to Spio arndti",2,2.5
"Spio.goniocephala","invertebrates",3,2.5,"","Reviewer 1: underpredicted on the Swedish west coast and absent with high confidence from most of Baltic? | Reviewer 2: ok",2.5,2.75
"Spio.martinensis","invertebrates",1,1,"Low number of positive cases (presences) in model training data.","Reviewer 1: occurrences in Baltic unlikely beyond most westerly areas? | Reviewer 2: not east of Rugia",1,1
"Spiophanes.bombyx","invertebrates",3,3,"","Reviewer 1: ok, though absent with high confidence in most of the Baltic? | Reviewer 2: ok",3,3
"Spiophanes.kroyeri","invertebrates",1,1,"","Reviewer 1: occurrence in Baltic unlikely and should be absent with high confidence there? | Reviewer 2: onl Kattegat and entrance, Kiel Bay, Mecklenburg Bay",1,1
"Spirorbis.corallinae","invertebrates",2,1.5,"Low number of positive cases (presences) in model training data.","Reviewer 1: Occurrences in Baltic seem unlikely and should generally be absent with high confidence there? Overpredicting in Kattegat?? | Reviewer 2: not east of Rugia",1.5,1.75
"Spisula.subtruncata","invertebrates",3,3,"","Reviewer 1: ok, though absent with high confidence in majority of Baltic | Reviewer 2: ok",3,3
"Streblospio.shrubsolii","invertebrates",3,2,"","Reviewer 1: overpredicting along Sweden's east coast (more southerly distribution in the Baltic? | Reviewer 2: ok",2,2.5
"Streptosyllis.websteri","invertebrates",1,1,"Low number of positive cases (presences) in model training data.","Reviewer 1: overpredicting in the Baltic | Reviewer 2: not east of Arkona Basin",1,1
"Synchelidium.haplocheles","invertebrates",1,1.3333333333333333,"Low number of positive cases (presences) in model training data.","Reviewer 1: majority of occurrences in the Baltic unlikely | Reviewer 2: sporadically more southern | Reviewer 3: Does not occur in Finland to our knowledge",1,1.1666666666666665
"Tanaissus.lilljeborgi","invertebrates",3,1.5,"","Reviewer 1: occurrences in the Baltic unlikely, should be absent with high confidence there? | Reviewer 2: occurrences in the Baltic unlikely, should be absent with high confidence there? maybe yellow | Reviewer 3: also in Mecklenburg Bay, Arkona Basin",1.5,2.25
"Tellimya.ferruginosa","invertebrates",3,2.5,"","Reviewer 1: ok, though absent with high confidence in the Baltic? | Reviewer 2: Kattegat and entrance, Kiel and Mecklenburg Bay",2.5,2.75
"Tellimya.tenella","invertebrates",2,1,"Low number of positive cases (presences) in model training data.","Reviewer 1: not bad except for occurrences in the Baltic where is should be absent with high confidence? | Reviewer 2: only in Kattegat",1,1.5
"Terebellides.stroemii","invertebrates",3,2,"","Reviewer 1: ok, possibly wider distribution (further east and north) in the Baltic? maybe green | Reviewer 2: occassionall north to Gulf of Finland",2,2.5
"Tharyx.killariensis","invertebrates",2,1,"Low number of positive cases (presences) in model training data.","Reviewer 1: occurrences in the Baltic unlikely, should be absent with high confidence there? | Reviewer 2: not east of Mecklenburg Bay",1,1.5
"Theodoxus.fluviatilis","invertebrates",3,3,"","Reviewer 1: unsure  about finescale distribution patterns but looks generally ok | Reviewer 2: ok",3,3
"Thracia.phaseolina","invertebrates",3,3,"","Reviewer 1: seems ok, though largely absent from Baltic with high confidence? | Reviewer 2: ok",3,3
"Thyasira.flexuosa","invertebrates",3,2,"","Reviewer 1: should be no occurrences in Bothnian Sea?  | Reviewer 2: should be no occurrences in Bothnian Sea? maybe a yellow  | Reviewer 3: ok",2,2.5
"Thysanocardia.procera","invertebrates",1,2.5,"Low number of positive cases (presences) in model training data.","Reviewer 1: ok though absent with high confidence from the Baltic? | Reviewer 2: only Kattegat",1,1.75
"Travisia.forbesii","invertebrates",1,1,"","Reviewer 1: Occurrence only extends to include the southern Baltic (overpredicted)? | Reviewer 2: not east of Bornholm Basin",1,1
"Trichobranchus.roseus","invertebrates",3,3,"","Reviewer 1: ok though absent with high confidence from the Baltic? | Reviewer 2: ok",3,3
"Tritia.reticulata","invertebrates",1,1,"","Reviewer 1: overpredicted in the Baltic Sea | Reviewer 2: only in Kattegat, entrance, Kiel and Mecklenburg Bay | Reviewer 3: Does not occur in Finland to our knowledge",1,1
"Trochochaeta.multisetosa","invertebrates",3,3,"","Reviewer 1: ok, though absent from most of the Baltic (except southern Baltic proper) with high confidence | Reviewer 2: ok",3,3
"Tubificoides.benedii","invertebrates",3,2,"","Reviewer 1: ok, perhaps occurs further north in the Baltic | Reviewer 2: in the north to Bothnian Bay",2,2.5
"Tubificoides.pseudogaster","invertebrates",2,1.5,"Low number of positive cases (presences) in model training data.","Reviewer 1: overpredicting in the Baltic? | Reviewer 2: few knowledge",1.5,1.75
"Tubulanus.polymorphus","invertebrates",3,3,"","Reviewer 1: ok",3,3
"Turritella.communis","invertebrates",3,3,"","Reviewer 1: ok though absent with high confidence from the Baltic? | Reviewer 2: ok",3,3
"Upogebia.deltaura","invertebrates",2,2.5,"Low number of positive cases (presences) in model training data.","Reviewer 1: ok though absent with high confidence from the Baltic? | Reviewer 2: few records from Kattegat",2,2.25
"Upogebia.stellata","invertebrates",1,2.5,"Low number of positive cases (presences) in model training data.","Reviewer 1: ok? Though absent with high confidence in the Baltic | Reviewer 2: few records from Kattegat",1,1.75
"Urothoe.elegans","invertebrates",1,2,"Low number of positive cases (presences) in model training data.","Reviewer 1: ok? Though absent with high confidence in the Baltic | Reviewer 2: Kattegat and ararely Kiel Bay",1,1.5
"Urothoe.grimaldii","invertebrates",1,1,"","Reviewer 1: occurrences in the Bothnian Bay improbable, absent with high confidence in the Baltic in general? | Reviewer 2: very few records from Kattegat | Reviewer 3: Does not occur in Finland to our knowledge",1,1
"Virgularia.mirabilis","invertebrates",3,3,"","Reviewer 1: ok",3,3
"Walkeria.uva","invertebrates",1,1,"Low number of positive cases (presences) in model training data.","Reviewer 1: Doesn't seem to have captured distribution. Shouldn't occur in the Baltic | Reviewer 2: not east of Rugia",1,1
"Westwoodilla.caecula","invertebrates",3,2,"","Reviewer 1: Occurrences in the Baltic seem incorrect. maybe a yellow | Reviewer 2: ok",2,2.5
