"scientific_name","full_name","species_group","mobility","flag","comment","quantity","use_method_cov","run_initiated","run_completed","run_time","models","num_presence","num_absence","run_name","observation_methods","method_predict_to","mean_TSS_ensemble","mean_TSS_all_submodels","metric_select_and_weight","metric_binary","short_name","output_repo","kept_algos","n_kept_algos"
"Abra.alba","Abra alba","invertebrates","non-mobile","green","",5098,FALSE,1,1,1.4452610941728,"RF, XGBOOST, GAM",5098,22143,"run3_invertebrates",NA,NA,0.569423496650862,0.4632,"TSS","TSS","Abra.alba","invertebrates","RF,XGBOOST,GAM",3
"Abra.nitida","Abra nitida","invertebrates","non-mobile","green","",1836,FALSE,1,1,1.21810814857483,"RF, XGBOOST, GAM",1836,24893,"run3_invertebrates",NA,NA,0.771830461781444,0.688133333333333,"TSS","TSS","Abra.nitida","invertebrates","RF,XGBOOST,GAM",3
"Abyssoninoe.hibernica","Abyssoninoe hibernica","invertebrates","non-mobile","yellow","Low number of positive cases (presences) in model training data.",124,FALSE,1,1,0.663032199409273,"RF, XGBOOST, GAM",124,2568,"run3_invertebrates",NA,NA,0.962645914396887,0.8884,"TSS","TSS","Abyssoninoe.hibernica","invertebrates","RF,XGBOOST,GAM",3
"Acanthocardia.echinata","Acanthocardia echinata","invertebrates","non-mobile","yellow","Low number of positive cases (presences) in model training data.",148,FALSE,1,1,0.909442051119275,"RF, XGBOOST, GAM",148,22698,"run3_invertebrates",NA,NA,0.851336270190896,0.482266666666667,"TSS","TSS","Acanthocardia.echinata","invertebrates","RF,XGBOOST,GAM",3
"Akera.bullata","Akera bullata","invertebrates","non-mobile","red","",159,FALSE,1,1,0.909847163889143,"RF, XGBOOST, GAM",159,19952,"run3_invertebrates",NA,NA,0.838690476190476,0.447,"TSS","TSS","Akera.bullata","invertebrates","RF,XGBOOST,GAM",3
"Alcyonidium.diaphanum","Alcyonidium diaphanum","invertebrates","non-mobile","red","Low number of positive cases (presences) in model training data.",39,FALSE,1,1,0.680504637228118,"RF, XGBOOST, GAM",39,2125,"run3_invertebrates",NA,NA,0.862411764705882,0.471066666666667,"TSS","TSS","Alcyonidium.diaphanum","invertebrates","RF,XGBOOST,GAM",3
"Alcyonidium.polyoum","Alcyonidium polyoum","invertebrates","non-mobile","red","Low number of positive cases (presences) in model training data.",128,FALSE,1,1,0.71939989440971,"RF, XGBOOST, GAM",128,868,"run3_invertebrates",NA,NA,0.871441202475685,0.6038,"TSS","TSS","Alcyonidium.polyoum","invertebrates","RF,XGBOOST,GAM",3
"Alitta.succinea","Alitta succinea","invertebrates","non-mobile","green","",510,FALSE,1,1,0.89980649722947,"RF, XGBOOST, GAM",510,4320,"run3_invertebrates",NA,NA,0.776633986928105,0.5536,"TSS","TSS","Alitta.succinea","invertebrates","RF,XGBOOST,GAM",3
"Alkmaria.romijni","Alkmaria romijni","invertebrates","non-mobile","yellow","Low number of positive cases (presences) in model training data.",32,FALSE,1,1,0.775988289978769,"RF, XGBOOST, GAM",32,18709,"run3_invertebrates",NA,NA,0.955175485480135,0.5668,"TSS","TSS","Alkmaria.romijni","invertebrates","RF,XGBOOST,GAM",3
"Alloteuthis.subulata","Alloteuthis subulata","invertebrates","mobile","green","",433,TRUE,1,1,1.06837805920177,"RFd, XGBOOST, GAM",327,65555,"run3_fish","Benthic_trawl,Fyke_net,Gillnet,Pelagic_trawl","Benthic_trawl",0.966804620899656,0.821666666666667,"TSS","TSS","Alloteuthis.subulata","invertebrates","RFd,XGBOOST,GAM",3
"Ampelisca.brevicornis","Ampelisca brevicornis","invertebrates","non-mobile","green","",1817,FALSE,1,1,1.14847122304969,"RF, XGBOOST, GAM",1817,23987,"run3_invertebrates",NA,NA,0.799840465028935,0.7182,"TSS","TSS","Ampelisca.brevicornis","invertebrates","RF,XGBOOST,GAM",3
"Ampelisca.diadema","Ampelisca diadema","invertebrates","non-mobile","green","",256,FALSE,1,1,0.858468747536341,"RF, XGBOOST, GAM",256,16101,"run3_invertebrates",NA,NA,0.898062355376933,0.684066666666667,"TSS","TSS","Ampelisca.diadema","invertebrates","RF,XGBOOST,GAM",3
"Ampelisca.macrocephala","Ampelisca macrocephala","invertebrates","non-mobile","yellow","Low number of positive cases (presences) in model training data.",38,FALSE,1,1,0.71277741134166706,"RF, XGBOOST, GAM",38,13801,"run3_invertebrates",NA,NA,0.921521739130435,0.467866666666667,"TSS","TSS","Ampelisca.macrocephala","invertebrates","RF,GAM",2
"Ampelisca.tenuicornis","Ampelisca tenuicornis","invertebrates","non-mobile","red","",470,FALSE,1,1,0.970841773880853,"RF, XGBOOST, GAM",470,22336,"run3_invertebrates",NA,NA,0.896857332018728,0.754466666666667,"TSS","TSS","Ampelisca.tenuicornis","invertebrates","RF,XGBOOST,GAM",3
"Ampharete.acutifrons","Ampharete acutifrons","invertebrates","non-mobile","yellow","Low number of positive cases (presences) in model training data.",90,FALSE,1,1,0.873553947740131,"RF, XGBOOST, GAM",90,16762,"run3_invertebrates",NA,NA,0.759486873508353,0.401866666666667,"TSS","TSS","Ampharete.acutifrons","invertebrates","RF,XGBOOST,GAM",3
"Ampharete.baltica","Ampharete baltica","invertebrates","non-mobile","green","",2009,FALSE,1,1,1.28515031026469,"RF, XGBOOST, GAM",2009,25350,"run3_invertebrates",NA,NA,0.692693926815626,0.5704,"TSS","TSS","Ampharete.baltica","invertebrates","RF,XGBOOST,GAM",3
"Ampharete.finmarchica","Ampharete finmarchica","invertebrates","non-mobile","red","",423,FALSE,1,1,1.08745853530036,"RF, XGBOOST, GAM",423,23629,"run3_invertebrates",NA,NA,0.83404147270419,0.6538,"TSS","TSS","Ampharete.finmarchica","invertebrates","RF,XGBOOST,GAM",3
"Ampharete.lindstroemi","Ampharete lindstroemi","invertebrates","non-mobile","red","",248,FALSE,1,1,0.892401644719972,"RF, XGBOOST, GAM",248,13890,"run3_invertebrates",NA,NA,0.889943844492441,0.668466666666667,"TSS","TSS","Ampharete.lindstroemi","invertebrates","RF,XGBOOST,GAM",3
"Amphibalanus.improvisus","Amphibalanus improvisus","invertebrates","non-mobile","green","",397,FALSE,1,1,0.879339108930694,"RF, XGBOOST, GAM",397,6282,"run3_invertebrates",NA,NA,0.797633637023301,0.669666666666667,"TSS","TSS","Amphibalanus.improvisus","invertebrates","RF,XGBOOST,GAM",3
"Amphiura.chiajei","Amphiura chiajei","invertebrates","non-mobile","red","",604,FALSE,1,1,1.01964297162162,"RF, XGBOOST, GAM",604,24044,"run3_invertebrates",NA,NA,0.962197944968886,0.900933333333333,"TSS","TSS","Amphiura.chiajei","invertebrates","RF,XGBOOST,GAM",3
"Amphiura.filiformis","Amphiura filiformis","invertebrates","non-mobile","green","",2898,FALSE,1,1,1.17549998972151,"RF, XGBOOST, GAM",2898,23728,"run3_invertebrates",NA,NA,0.876742084078062,0.8308,"TSS","TSS","Amphiura.filiformis","invertebrates","RF,XGBOOST,GAM",3
"Ampithoe.rubricata","Ampithoe rubricata","invertebrates","non-mobile","yellow","Low number of positive cases (presences) in model training data.",77,FALSE,1,1,0.876999450259738,"RF, XGBOOST, GAM",77,15374,"run3_invertebrates",NA,NA,0.819252032520325,0.435333333333333,"TSS","TSS","Ampithoe.rubricata","invertebrates","RF,GAM",2
"Anobothrus.gracilis","Anobothrus gracilis","invertebrates","non-mobile","green","",499,FALSE,1,1,0.974291961656676,"RF, XGBOOST, GAM",499,25085,"run3_invertebrates",NA,NA,0.928847119792705,0.845666666666667,"TSS","TSS","Anobothrus.gracilis","invertebrates","RF,XGBOOST,GAM",3
"Anoplodactylus.petiolatus","Anoplodactylus petiolatus","invertebrates","non-mobile","red","Low number of positive cases (presences) in model training data.",54,FALSE,1,1,0.798560281660822,"RF, XGBOOST, GAM",54,15700,"run3_invertebrates",NA,NA,0.894458598726115,0.540466666666667,"TSS","TSS","Anoplodactylus.petiolatus","invertebrates","RF,GAM,XGBOOST",3
"Apherusa.bispinosa","Apherusa bispinosa","invertebrates","non-mobile","yellow","Low number of positive cases (presences) in model training data.",44,FALSE,1,1,0.751515518890487,"RF, XGBOOST, GAM",44,10513,"run3_invertebrates",NA,NA,0.875542875257568,0.427933333333333,"TSS","TSS","Apherusa.bispinosa","invertebrates","RF,GAM,XGBOOST",3
"Aphrodita.aculeata","Aphrodita aculeata","invertebrates","non-mobile","red","Low number of positive cases (presences) in model training data.",88,FALSE,1,1,0.893626344998678,"RF, XGBOOST, GAM",88,19546,"run3_invertebrates",NA,NA,0.762744094823911,0.5016,"TSS","TSS","Aphrodita.aculeata","invertebrates","RF,GAM",2
"Apistobranchus.tullbergi","Apistobranchus tullbergi","invertebrates","non-mobile","green","",157,FALSE,1,1,0.909347248342302,"RF, XGBOOST, GAM",157,20118,"run3_invertebrates",NA,NA,0.843920348874495,0.655466666666667,"TSS","TSS","Apistobranchus.tullbergi","invertebrates","RF,XGBOOST,GAM",3
"Aporrhais.pespelecani","Aporrhais pespelecani","invertebrates","non-mobile","green","",282,FALSE,1,1,0.810317318638166,"RF, XGBOOST, GAM",282,22343,"run3_invertebrates",NA,NA,0.807202793849695,0.4712,"TSS","TSS","Aporrhais.pespelecani","invertebrates","RF,XGBOOST,GAM",3
"Arctica.islandica","Arctica islandica","invertebrates","non-mobile","green","",3457,FALSE,1,1,1.3206247811185,"RF, XGBOOST, GAM",3457,24568,"run3_invertebrates",NA,NA,0.698212378820194,0.604933333333333,"TSS","TSS","Arctica.islandica","invertebrates","RF,XGBOOST,GAM",3
"Arenicola.marina","Arenicola marina","invertebrates","non-mobile","green","",1194,FALSE,1,1,1.25151511669159,"RF, XGBOOST, GAM",1194,24198,"run3_invertebrates",NA,NA,0.783797503371486,0.6382,"TSS","TSS","Arenicola.marina","invertebrates","RF,XGBOOST,GAM",3
"Aricidea.cerrutii","Aricidea cerrutii","invertebrates","non-mobile","yellow","Low number of positive cases (presences) in model training data.",83,FALSE,1,1,0.849358071088791,"RF, XGBOOST, GAM",83,10403,"run3_invertebrates",NA,NA,0.923532238460017,0.533333333333333,"TSS","TSS","Aricidea.cerrutii","invertebrates","RF,XGBOOST,GAM",3
"Aricidea.minuta","Aricidea minuta","invertebrates","non-mobile","green","",197,FALSE,1,1,0.851215559177928,"RF, XGBOOST, GAM",197,12937,"run3_invertebrates",NA,NA,0.91416054632135,0.609333333333333,"TSS","TSS","Aricidea.minuta","invertebrates","RF,XGBOOST,GAM",3
"Aricidea.suecica","Aricidea suecica","invertebrates","non-mobile","green","",1128,FALSE,1,1,1.18629377583663,"RF, XGBOOST, GAM",1128,23615,"run3_invertebrates",NA,NA,0.809175021875627,0.6436,"TSS","TSS","Aricidea.suecica","invertebrates","RF,XGBOOST,GAM",3
"Artacama.proboscidea","Artacama proboscidea","invertebrates","non-mobile","yellow","Low number of positive cases (presences) in model training data.",146,FALSE,1,1,0.855421099993918,"RF, XGBOOST, GAM",146,17096,"run3_invertebrates",NA,NA,0.911121420863128,0.6442,"TSS","TSS","Artacama.proboscidea","invertebrates","RF,XGBOOST,GAM",3
"Ascidiella.aspersa","Ascidiella aspersa","invertebrates","non-mobile","yellow","Low number of positive cases (presences) in model training data.",30,FALSE,1,1,0.839679612517357,"RF, XGBOOST, GAM",30,15936,"run3_invertebrates",NA,NA,0.855098839033574,0.412,"TSS","TSS","Ascidiella.aspersa","invertebrates","RF,GAM",2
"Astarte.borealis","Astarte borealis","invertebrates","non-mobile","green","",354,FALSE,1,1,0.79806524336338,"RF, XGBOOST, GAM",354,10092,"run3_invertebrates",NA,NA,0.957799522606402,0.8516,"TSS","TSS","Astarte.borealis","invertebrates","RF,XGBOOST,GAM",3
"Astarte.elliptica","Astarte elliptica","invertebrates","non-mobile","green","",262,FALSE,1,1,0.764164750509792,"RF, XGBOOST, GAM",262,5908,"run3_invertebrates",NA,NA,0.939574385005857,0.7822,"TSS","TSS","Astarte.elliptica","invertebrates","RF,XGBOOST,GAM",3
"Astarte.montagui","Astarte montagui","invertebrates","non-mobile","yellow","Low number of positive cases (presences) in model training data.",111,FALSE,1,1,0.821824533608225,"RF, XGBOOST, GAM",111,12093,"run3_invertebrates",NA,NA,0.951230786575971,0.715066666666667,"TSS","TSS","Astarte.montagui","invertebrates","RF,XGBOOST,GAM",3
"Astarte.sulcata","Astarte sulcata","invertebrates","non-mobile","red","Low number of positive cases (presences) in model training data.",90,FALSE,1,1,0.889648749430974,"RF, XGBOOST, GAM",90,17116,"run3_invertebrates",NA,NA,0.830071087739799,0.543133333333333,"TSS","TSS","Astarte.sulcata","invertebrates","RF,GAM,XGBOOST",3
"Asterias.rubens","Asterias rubens","invertebrates","non-mobile","green","",643,FALSE,1,1,1.20249858028359,"RF, XGBOOST, GAM",643,23044,"run3_invertebrates",NA,NA,0.781553785061583,0.520733333333333,"TSS","TSS","Asterias.rubens","invertebrates","RF,XGBOOST",2
"Balanus.crenatus","Balanus crenatus","invertebrates","non-mobile","red","",332,FALSE,1,1,0.945450960000356,"RF, XGBOOST, GAM",332,22974,"run3_invertebrates",NA,NA,0.794725492135721,0.4708,"TSS","TSS","Balanus.crenatus","invertebrates","XGBOOST,GAM,RF",3
"Baltidrilus.costatus","Baltidrilus costatus","invertebrates","non-mobile","green","",226,FALSE,1,1,0.749340587192111,"RF, XGBOOST, GAM",226,3726,"run3_invertebrates",NA,NA,0.902938105891126,0.714533333333333,"TSS","TSS","Baltidrilus.costatus","invertebrates","RF,XGBOOST,GAM",3
"Bathyporeia.elegans","Bathyporeia elegans","invertebrates","non-mobile","red","",484,FALSE,1,1,1.02341866638925,"RF, XGBOOST, GAM",484,21736,"run3_invertebrates",NA,NA,0.891475813394236,0.751333333333333,"TSS","TSS","Bathyporeia.elegans","invertebrates","RF,XGBOOST,GAM",3
"Bathyporeia.guilliamsonia","Bathyporeia guilliamsonia","invertebrates","non-mobile","green","",296,FALSE,1,1,0.987249582476086,"RF, XGBOOST, GAM",296,22665,"run3_invertebrates",NA,NA,0.873094856177112,0.659133333333333,"TSS","TSS","Bathyporeia.guilliamsonia","invertebrates","RF,XGBOOST,GAM",3
"Bathyporeia.pelagica","Bathyporeia pelagica","invertebrates","non-mobile","yellow","Low number of positive cases (presences) in model training data.",17,FALSE,1,1,0.685070175263617,"RF, XGBOOST, GAM",17,13082,"run3_invertebrates",NA,NA,0.997782874617737,0.4356,"TSS","TSS","Bathyporeia.pelagica","invertebrates","RF,XGBOOST,GAM",3
"Bathyporeia.pilosa","Bathyporeia pilosa","invertebrates","non-mobile","green","",636,FALSE,1,1,1.17133574167887,"RF, XGBOOST, GAM",636,24898,"run3_invertebrates",NA,NA,0.889563608765772,0.7798,"TSS","TSS","Bathyporeia.pilosa","invertebrates","RF,XGBOOST,GAM",3
"Bathyporeia.sarsi","Bathyporeia sarsi","invertebrates","non-mobile","red","Low number of positive cases (presences) in model training data.",95,FALSE,1,1,0.896771492494477,"RF, XGBOOST, GAM",95,16483,"run3_invertebrates",NA,NA,0.887684178599365,0.587533333333333,"TSS","TSS","Bathyporeia.sarsi","invertebrates","RF,XGBOOST,GAM",3
"Bittium.reticulatum","Bittium reticulatum","invertebrates","non-mobile","green","",734,FALSE,1,1,1.11661129468017,"RF, XGBOOST, GAM",734,22986,"run3_invertebrates",NA,NA,0.851742115162358,0.689266666666667,"TSS","TSS","Bittium.reticulatum","invertebrates","RF,XGBOOST,GAM",3
"Brachystomia.scalaris","Brachystomia scalaris","invertebrates","non-mobile","red","Low number of positive cases (presences) in model training data.",106,FALSE,1,1,0.845537089771695,"RF, XGBOOST, GAM",106,9716,"run3_invertebrates",NA,NA,0.895301816042938,0.568866666666667,"TSS","TSS","Brachystomia.scalaris","invertebrates","RF,XGBOOST,GAM",3
"Brada.villosa","Brada villosa","invertebrates","non-mobile","green","",232,FALSE,1,1,0.985467069480154,"RF, XGBOOST, GAM",232,24643,"run3_invertebrates",NA,NA,0.912612135806716,0.7226,"TSS","TSS","Brada.villosa","invertebrates","RF,XGBOOST,GAM",3
"Branchiostoma.lanceolatum","Branchiostoma lanceolatum","invertebrates","non-mobile","green","",199,FALSE,1,1,0.932820193105274,"RF, XGBOOST, GAM",199,18427,"run3_invertebrates",NA,NA,0.890067842605156,0.632933333333333,"TSS","TSS","Branchiostoma.lanceolatum","invertebrates","RF,XGBOOST,GAM",3
"Brissopsis.lyrifera","Brissopsis lyrifera","invertebrates","non-mobile","green","",182,FALSE,1,1,0.809655212759972,"RF, XGBOOST, GAM",182,15957,"run3_invertebrates",NA,NA,0.955607785786413,0.772466666666667,"TSS","TSS","Brissopsis.lyrifera","invertebrates","RF,XGBOOST,GAM",3
"Buccinum.undatum","Buccinum undatum","invertebrates","non-mobile","red","Low number of positive cases (presences) in model training data.",81,FALSE,1,1,0.871487148867713,"RF, XGBOOST, GAM",81,16275,"run3_invertebrates",NA,NA,0.859788786482335,0.4932,"TSS","TSS","Buccinum.undatum","invertebrates","RF,XGBOOST,GAM",3
"Bylgides.sarsi","Bylgides sarsi","invertebrates","non-mobile","green","",1788,FALSE,1,1,1.18128071533309,"RF, XGBOOST, GAM",1788,13256,"run3_invertebrates",NA,NA,0.80300276695418,0.7052,"TSS","TSS","Bylgides.sarsi","invertebrates","RF,XGBOOST,GAM",3
"Callianassa.subterranea","Callianassa subterranea","invertebrates","non-mobile","red","Low number of positive cases (presences) in model training data.",54,FALSE,1,1,0.749512568049961,"RF, XGBOOST, GAM",54,8967,"run3_invertebrates",NA,NA,0.924261015058561,0.6872,"TSS","TSS","Callianassa.subterranea","invertebrates","RF,XGBOOST,GAM",3
"Callopora.lineata","Callopora lineata","invertebrates","non-mobile","green","",193,FALSE,1,1,0.736602209409078,"RF, XGBOOST, GAM",193,1017,"run3_invertebrates",NA,NA,0.82273588480485,0.6262,"TSS","TSS","Callopora.lineata","invertebrates","RF,XGBOOST,GAM",3
"Cancer.pagurus","Cancer pagurus","invertebrates","mobile","green","",872,TRUE,1,1,1.29030591527621,"RFd, XGBOOST, GAM",769,65113,"run3_fish","Benthic_trawl,Fyke_net,Gillnet,Pelagic_trawl","Benthic_trawl",0.861273012482411,0.8088,"TSS","TSS","Cancer.pagurus","invertebrates","RFd,XGBOOST,GAM",3
"Capitella.capitata","Capitella capitata","invertebrates","non-mobile","green","",2215,FALSE,1,1,1.36665140191714,"RF, XGBOOST, GAM",2215,26094,"run3_invertebrates",NA,NA,0.648683725076416,0.4832,"TSS","TSS","Capitella.capitata","invertebrates","RF,XGBOOST,GAM",3
"Caprella.linearis","Caprella linearis","invertebrates","non-mobile","red","Low number of positive cases (presences) in model training data.",76,FALSE,1,1,0.772100429137548,"RF, XGBOOST, GAM",76,9104,"run3_invertebrates",NA,NA,0.901482701812191,0.584533333333333,"TSS","TSS","Caprella.linearis","invertebrates","RF,GAM,XGBOOST",3
"Carcinus.maenas","Carcinus maenas","invertebrates","mobile","green","",18107,TRUE,1,1,1.51430901474423,"RFd, XGBOOST, GAM",18106,47776,"run3_fish","Benthic_trawl,Fyke_net,Gillnet,Pelagic_trawl","Fyke_net",0.975554460137251,0.9716,"TSS","TSS","Carcinus.maenas","invertebrates","RFd,XGBOOST,GAM",3
"Cerastoderma.edule","Cerastoderma edule","invertebrates","non-mobile","green","",639,FALSE,1,1,1.0736851644516,"RF, XGBOOST, GAM",639,22798,"run3_invertebrates",NA,NA,0.698525219298246,0.4022,"TSS","TSS","Cerastoderma.edule","invertebrates","RF,XGBOOST",2
"Cerastoderma.glaucum","Cerastoderma glaucum","invertebrates","non-mobile","green","",2366,FALSE,1,1,1.33013262225522,"RF, XGBOOST, GAM",2366,26384,"run3_invertebrates",NA,NA,0.84267712491201,0.786266666666667,"TSS","TSS","Cerastoderma.glaucum","invertebrates","RF,XGBOOST,GAM",3
"Chaetoderma.nitidulum","Chaetoderma nitidulum","invertebrates","non-mobile","green","",318,FALSE,1,1,0.941171323590808,"RF, XGBOOST, GAM",318,25075,"run3_invertebrates",NA,NA,0.910709745762712,0.77,"TSS","TSS","Chaetoderma.nitidulum","invertebrates","RF,XGBOOST,GAM",3
"Chaetozone.setosa","Chaetozone setosa","invertebrates","non-mobile","green","",1455,FALSE,1,1,1.23983621749613,"RF, XGBOOST, GAM",1455,25567,"run3_invertebrates",NA,NA,0.775459898392548,0.676533333333333,"TSS","TSS","Chaetozone.setosa","invertebrates","RF,XGBOOST,GAM",3
"Chalinula.limbata","Chalinula limbata","invertebrates","non-mobile","yellow","Low number of positive cases (presences) in model training data.",108,FALSE,1,1,0.697487184140417,"RF, XGBOOST, GAM",108,893,"run3_invertebrates",NA,NA,0.805688166582021,0.521933333333333,"TSS","TSS","Chalinula.limbata","invertebrates","RF,XGBOOST,GAM",3
"Chamelea.gallina","Chamelea gallina","invertebrates","non-mobile","green","",1000,FALSE,1,1,1.0369119455417,"RF, XGBOOST, GAM",1000,21631,"run3_invertebrates",NA,NA,0.80502773925104,0.693866666666667,"TSS","TSS","Chamelea.gallina","invertebrates","RF,XGBOOST,GAM",3
"Cheirocratus.sundevallii","Cheirocratus sundevallii","invertebrates","non-mobile","red","Low number of positive cases (presences) in model training data.",39,FALSE,1,1,0.734686482217577,"RF, XGBOOST, GAM",39,7005,"run3_invertebrates",NA,NA,0.939025695931478,0.532266666666667,"TSS","TSS","Cheirocratus.sundevallii","invertebrates","RF,XGBOOST,GAM",3
"Chironomus.plumosus","Chironomus plumosus","invertebrates","non-mobile","red","Low number of positive cases (presences) in model training data.",89,FALSE,1,1,0.669643811119927,"RF, XGBOOST, GAM",89,1955,"run3_invertebrates",NA,NA,0.978005115089514,0.9172,"TSS","TSS","Chironomus.plumosus","invertebrates","RF,XGBOOST,GAM",3
"Chone.fauveli","Chone fauveli","invertebrates","non-mobile","red","Low number of positive cases (presences) in model training data.",122,FALSE,1,1,0.878168561922179,"RF, XGBOOST, GAM",122,15956,"run3_invertebrates",NA,NA,0.918967408335945,0.5966,"TSS","TSS","Chone.fauveli","invertebrates","RF,XGBOOST,GAM",3
"Chone.filicaudata","Chone filicaudata","invertebrates","non-mobile","red","Low number of positive cases (presences) in model training data.",41,FALSE,1,1,0.679395058883561,"RF, XGBOOST, GAM",41,3026,"run3_invertebrates",NA,NA,0.984793388429752,0.7328,"TSS","TSS","Chone.filicaudata","invertebrates","XGBOOST,GAM,RF",3
"Ciona.intestinalis","Ciona intestinalis","invertebrates","non-mobile","red","Low number of positive cases (presences) in model training data.",119,FALSE,1,1,0.929079984426498,"RF, XGBOOST, GAM",119,18358,"run3_invertebrates",NA,NA,0.924400871459695,0.640866666666667,"TSS","TSS","Ciona.intestinalis","invertebrates","RF,XGBOOST,GAM",3
"Clitellio.arenarius","Clitellio arenarius","invertebrates","non-mobile","red","Low number of positive cases (presences) in model training data.",16,FALSE,1,1,0.636451589200232,"RF, XGBOOST, GAM",16,456,"run3_invertebrates",NA,NA,0.953846153846154,0.895133333333333,"TSS","TSS","Clitellio.arenarius","invertebrates","RF,XGBOOST,GAM",3
"Clytia.hemisphaerica","Clytia hemisphaerica","invertebrates","non-mobile","yellow","Low number of positive cases (presences) in model training data.",26,FALSE,1,1,0.680517508056429,"RF, XGBOOST, GAM",26,2067,"run3_invertebrates",NA,NA,0.987893462469734,0.6532,"TSS","TSS","Clytia.hemisphaerica","invertebrates","RF,GAM,XGBOOST",3
"Cochlodesma.praetenue","Cochlodesma praetenue","invertebrates","non-mobile","red","Low number of positive cases (presences) in model training data.",37,FALSE,1,1,0.765929584966766,"RF, XGBOOST, GAM",37,11933,"run3_invertebrates",NA,NA,0.93414327607876,0.587066666666667,"TSS","TSS","Cochlodesma.praetenue","invertebrates","RF,GAM,XGBOOST",3
"Corbula.gibba","Corbula gibba","invertebrates","non-mobile","green","",6607,FALSE,1,1,1.45569285412629,"RF, XGBOOST, GAM",6607,19650,"run3_invertebrates",NA,NA,0.594423878895046,0.450066666666667,"TSS","TSS","Corbula.gibba","invertebrates","RF,XGBOOST",2
"Corophium.multisetosum","Corophium multisetosum","invertebrates","non-mobile","yellow","Low number of positive cases (presences) in model training data.",24,FALSE,1,1,0.69561248421669,"RF, XGBOOST, GAM",24,9048,"run3_invertebrates",NA,NA,0.734254143646409,0.413333333333333,"TSS","TSS","Corophium.multisetosum","invertebrates","GAM,RF",2
"Corophium.volutator","Corophium volutator","invertebrates","non-mobile","green","",1999,FALSE,1,1,1.39556712163819,"RF, XGBOOST, GAM",1999,27493,"run3_invertebrates",NA,NA,0.830256955810147,0.7298,"TSS","TSS","Corophium.volutator","invertebrates","RF,XGBOOST,GAM",3
"Crangon.crangon","Crangon crangon","invertebrates","non-mobile","red","",307,FALSE,1,1,1.11224943723943,"RF, XGBOOST, GAM",307,24863,"run3_invertebrates",NA,NA,0.784461666771056,0.435533333333333,"TSS","TSS","Crangon.crangon","invertebrates","RF,XGBOOST",2
"Crassicorophium.crassicor","Crassicorophium crassicor","invertebrates","non-mobile","green","",153,FALSE,1,1,0.659968185822169,"RF, XGBOOST, GAM",153,2175,"run3_invertebrates",NA,NA,0.91632183908046,0.7316,"TSS","TSS","Crassicorophium.crassicor","invertebrates","RF,XGBOOST,GAM",3
"Crenella.decussata","Crenella decussata","invertebrates","non-mobile","yellow","Low number of positive cases (presences) in model training data.",68,FALSE,1,1,0.824068602191077,"RF, XGBOOST, GAM",68,17393,"run3_invertebrates",NA,NA,0.94932451853981,0.558933333333333,"TSS","TSS","Crenella.decussata","invertebrates","RF,GAM,XGBOOST",3
"Cribrilina.punctata","Cribrilina punctata","invertebrates","non-mobile","red","Low number of positive cases (presences) in model training data.",62,FALSE,1,1,0.668123508360651,"RF, XGBOOST, GAM",62,868,"run3_invertebrates",NA,NA,0.898850574712644,0.597333333333333,"TSS","TSS","Cribrilina.punctata","invertebrates","RF,GAM,XGBOOST",3
"Crisia.eburnea","Crisia eburnea","invertebrates","non-mobile","yellow","Low number of positive cases (presences) in model training data.",34,FALSE,1,1,0.649434396425883,"RF, XGBOOST, GAM",34,737,"run3_invertebrates",NA,NA,0.948299319727891,0.636133333333333,"TSS","TSS","Crisia.eburnea","invertebrates","RF,XGBOOST,GAM",3
"Cyanophthalma.obscura","Cyanophthalma obscura","invertebrates","non-mobile","green","",210,FALSE,1,1,0.881194728877809,"RF, XGBOOST, GAM",210,5398,"run3_invertebrates",NA,NA,0.742169312169312,0.4578,"TSS","TSS","Cyanophthalma.obscura","invertebrates","RF,XGBOOST,GAM",3
"Cyathura.carinata","Cyathura carinata","invertebrates","non-mobile","red","",582,FALSE,1,1,0.989945958852768,"RF, XGBOOST, GAM",582,23853,"run3_invertebrates",NA,NA,0.908786201114492,0.810933333333333,"TSS","TSS","Cyathura.carinata","invertebrates","RF,XGBOOST,GAM",3
"Cylichna.cylindracea","Cylichna cylindracea","invertebrates","non-mobile","green","",573,FALSE,1,1,1.07046812918451,"RF, XGBOOST, GAM",573,21852,"run3_invertebrates",NA,NA,0.867551487414188,0.7856,"TSS","TSS","Cylichna.cylindracea","invertebrates","RF,XGBOOST,GAM",3
"Dendrodoa.grossularia","Dendrodoa grossularia","invertebrates","non-mobile","green","",257,FALSE,1,1,0.771828735536999,"RF, XGBOOST, GAM",257,7483,"run3_invertebrates",NA,NA,0.951620888836497,0.828,"TSS","TSS","Dendrodoa.grossularia","invertebrates","RF,XGBOOST,GAM",3
"Diastylis.laevis","Diastylis laevis","invertebrates","non-mobile","yellow","Low number of positive cases (presences) in model training data.",64,FALSE,1,1,0.813289230863253,"RF, XGBOOST, GAM",64,12634,"run3_invertebrates",NA,NA,0.853952695503942,0.536533333333333,"TSS","TSS","Diastylis.laevis","invertebrates","GAM,RF,XGBOOST",3
"Diastylis.lucifera","Diastylis lucifera","invertebrates","non-mobile","red","",560,FALSE,1,1,1.12079976307021,"RF, XGBOOST, GAM",560,24492,"run3_invertebrates",NA,NA,0.79529326838943,0.6466,"TSS","TSS","Diastylis.lucifera","invertebrates","RF,XGBOOST,GAM",3
"Diastylis.rathkei","Diastylis rathkei","invertebrates","non-mobile","green","",3353,FALSE,1,1,1.41356081134743,"RF, XGBOOST, GAM",3353,25104,"run3_invertebrates",NA,NA,0.732684275966425,0.613733333333333,"TSS","TSS","Diastylis.rathkei","invertebrates","RF,XGBOOST,GAM",3
"Diastyloides.biplicatus","Diastyloides biplicatus","invertebrates","non-mobile","yellow","Low number of positive cases (presences) in model training data.",19,FALSE,1,1,0.681246484451824,"RF, XGBOOST, GAM",19,6209,"run3_invertebrates",NA,NA,0.930917874396135,0.411333333333333,"TSS","TSS","Diastyloides.biplicatus","invertebrates","RF,GAM",2
"Diplocirrus.glaucus","Diplocirrus glaucus","invertebrates","non-mobile","red","",975,FALSE,1,1,1.0850963911083,"RF, XGBOOST, GAM",975,23885,"run3_invertebrates",NA,NA,0.907747701325261,0.852133333333333,"TSS","TSS","Diplocirrus.glaucus","invertebrates","RF,XGBOOST,GAM",3
"Dipolydora.quadrilobata","Dipolydora quadrilobata","invertebrates","non-mobile","green","",427,FALSE,1,1,0.731810889177852,"RF, XGBOOST, GAM",427,4484,"run3_invertebrates",NA,NA,0.895017378188734,0.769133333333333,"TSS","TSS","Dipolydora.quadrilobata","invertebrates","RF,XGBOOST,GAM",3
"Dosinia.exoleta","Dosinia exoleta","invertebrates","non-mobile","yellow","Low number of positive cases (presences) in model training data.",46,FALSE,1,1,0.791357814470927,"RF, XGBOOST, GAM",46,10355,"run3_invertebrates",NA,NA,0.872010300981812,0.482066666666667,"TSS","TSS","Dosinia.exoleta","invertebrates","RF,GAM",2
"Dosinia.lupinus","Dosinia lupinus","invertebrates","non-mobile","red","Low number of positive cases (presences) in model training data.",109,FALSE,1,1,0.842301326990128,"RF, XGBOOST, GAM",109,20623,"run3_invertebrates",NA,NA,0.867321212121212,0.530933333333333,"TSS","TSS","Dosinia.lupinus","invertebrates","RF,GAM",2
"Dreissena.polymorpha","Dreissena polymorpha","invertebrates","non-mobile","yellow","Low number of positive cases (presences) in model training data.",124,FALSE,1,1,0.689979650245772,"RF, XGBOOST, GAM",124,1376,"run3_invertebrates",NA,NA,0.862545454545455,0.675866666666667,"TSS","TSS","Dreissena.polymorpha","invertebrates","RF,XGBOOST,GAM",3
"Dyopedos.monacanthus","Dyopedos monacanthus","invertebrates","non-mobile","red","Low number of positive cases (presences) in model training data.",53,FALSE,1,1,0.710854348341624,"RF, XGBOOST, GAM",53,6079,"run3_invertebrates",NA,NA,0.866282894736842,0.508866666666667,"TSS","TSS","Dyopedos.monacanthus","invertebrates","GAM,RF",2
"Echinocardium.cordatum","Echinocardium cordatum","invertebrates","non-mobile","green","",1729,FALSE,1,1,1.23323397166199,"RF, XGBOOST, GAM",1729,24537,"run3_invertebrates",NA,NA,0.796242362273548,0.6964,"TSS","TSS","Echinocardium.cordatum","invertebrates","RF,XGBOOST,GAM",3
"Echinocyamus.pusillus","Echinocyamus pusillus","invertebrates","non-mobile","green","",834,FALSE,1,1,1.13866984420353,"RF, XGBOOST, GAM",834,24301,"run3_invertebrates",NA,NA,0.835698233163303,0.650933333333333,"TSS","TSS","Echinocyamus.pusillus","invertebrates","RF,XGBOOST,GAM",3
"Echiurus.echiurus","Echiurus echiurus","invertebrates","non-mobile","red","Low number of positive cases (presences) in model training data.",81,FALSE,1,1,0.85350820892387,"RF, XGBOOST, GAM",81,21437,"run3_invertebrates",NA,NA,0.756540121296944,0.450466666666667,"TSS","TSS","Echiurus.echiurus","invertebrates","RF,GAM,XGBOOST",3
"Ecrobia.ventrosa","Ecrobia ventrosa","invertebrates","non-mobile","green","",271,FALSE,1,1,0.820226421091292,"RF, XGBOOST, GAM",271,4604,"run3_invertebrates",NA,NA,0.893400892749427,0.686933333333333,"TSS","TSS","Ecrobia.ventrosa","invertebrates","RF,XGBOOST,GAM",3
"Edwardsia.danica","Edwardsia danica","invertebrates","non-mobile","red","",238,FALSE,1,1,0.795706103841464,"RF, XGBOOST, GAM",238,9337,"run3_invertebrates",NA,NA,0.943150776647027,0.737533333333333,"TSS","TSS","Edwardsia.danica","invertebrates","RF,XGBOOST,GAM",3
"Edwardsia.longicornis","Edwardsia longicornis","invertebrates","non-mobile","yellow","Low number of positive cases (presences) in model training data.",41,FALSE,1,1,0.7002457663748,"RF, XGBOOST, GAM",41,6626,"run3_invertebrates",NA,NA,0.886490566037736,0.442333333333333,"TSS","TSS","Edwardsia.longicornis","invertebrates","GAM,RF,XGBOOST",3
"Einhornia.crustulenta","Einhornia crustulenta","invertebrates","non-mobile","green","",330,FALSE,1,1,0.755141414999962,"RF, XGBOOST, GAM",330,1130,"run3_invertebrates",NA,NA,0.777715205148833,0.561,"TSS","TSS","Einhornia.crustulenta","invertebrates","RF,XGBOOST,GAM",3
"Electra.pilosa","Electra pilosa","invertebrates","non-mobile","green","",183,FALSE,1,1,0.856883037487666,"RF, XGBOOST, GAM",183,10012,"run3_invertebrates",NA,NA,0.916507816507817,0.594533333333333,"TSS","TSS","Electra.pilosa","invertebrates","RF,XGBOOST,GAM",3
"Enipo.kinbergi","Enipo kinbergi","invertebrates","non-mobile","red","Low number of positive cases (presences) in model training data.",94,FALSE,1,1,0.904423113597764,"RF, XGBOOST, GAM",94,17662,"run3_invertebrates",NA,NA,0.891348274423318,0.561733333333333,"TSS","TSS","Enipo.kinbergi","invertebrates","RF,GAM,XGBOOST",3
"Ennucula.tenuis","Ennucula tenuis","invertebrates","non-mobile","green","",408,FALSE,1,1,0.84618861052725,"RF, XGBOOST, GAM",408,13183,"run3_invertebrates",NA,NA,0.915956787554224,0.854666666666667,"TSS","TSS","Ennucula.tenuis","invertebrates","RF,XGBOOST,GAM",3
"Ericthonius.brasiliensis","Ericthonius brasiliensis","invertebrates","non-mobile","yellow","Low number of positive cases (presences) in model training data.",71,FALSE,1,1,0.915937803321415,"RF, XGBOOST, GAM",71,14357,"run3_invertebrates",NA,NA,0.865666517390655,0.485,"TSS","TSS","Ericthonius.brasiliensis","invertebrates","RF,XGBOOST,GAM",3
"Erinaceusyllis.erinaceus","Erinaceusyllis erinaceus","invertebrates","non-mobile","red","Low number of positive cases (presences) in model training data.",27,FALSE,1,1,0.693931865294774,"RF, XGBOOST, GAM",27,3581,"run3_invertebrates",NA,NA,0.933798882681564,0.514733333333333,"TSS","TSS","Erinaceusyllis.erinaceus","invertebrates","GAM,RF,XGBOOST",3
"Eriopisa.elongata","Eriopisa elongata","invertebrates","non-mobile","red","Low number of positive cases (presences) in model training data.",78,FALSE,1,1,0.814430468082428,"RF, XGBOOST, GAM",78,17959,"run3_invertebrates",NA,NA,0.956291759465479,0.642466666666667,"TSS","TSS","Eriopisa.elongata","invertebrates","GAM,RF,XGBOOST",3
"Escharella.immersa","Escharella immersa","invertebrates","non-mobile","yellow","Low number of positive cases (presences) in model training data.",134,FALSE,1,1,0.665805209676425,"RF, XGBOOST, GAM",134,1257,"run3_invertebrates",NA,NA,0.892459790467759,0.681333333333333,"TSS","TSS","Escharella.immersa","invertebrates","RF,XGBOOST,GAM",3
"Eteone.longa","Eteone longa","invertebrates","non-mobile","green","",1554,FALSE,1,1,1.36217437446117,"RF, XGBOOST, GAM",1554,22977,"run3_invertebrates",NA,NA,0.642526302530711,0.481666666666667,"TSS","TSS","Eteone.longa","invertebrates","RF,XGBOOST,GAM",3
"Euchone.papillosa","Euchone papillosa","invertebrates","non-mobile","red","Low number of positive cases (presences) in model training data.",50,FALSE,1,1,0.733962374726931,"RF, XGBOOST, GAM",50,7996,"run3_invertebrates",NA,NA,0.661263289555972,0.401933333333333,"TSS","TSS","Euchone.papillosa","invertebrates","RF,GAM",2
"Eucratea.loricata","Eucratea loricata","invertebrates","non-mobile","green","",256,FALSE,1,1,0.69059953113397,"RF, XGBOOST, GAM",256,787,"run3_invertebrates",NA,NA,0.800824278756088,0.6138,"TSS","TSS","Eucratea.loricata","invertebrates","RF,XGBOOST,GAM",3
"Eudorella.emarginata","Eudorella emarginata","invertebrates","non-mobile","green","",201,FALSE,1,1,0.952491883370611,"RF, XGBOOST, GAM",201,21926,"run3_invertebrates",NA,NA,0.936077537058153,0.7622,"TSS","TSS","Eudorella.emarginata","invertebrates","RF,XGBOOST,GAM",3
"Eudorella.truncatula","Eudorella truncatula","invertebrates","non-mobile","green","",276,FALSE,1,1,1.03911243829462,"RF, XGBOOST, GAM",276,23439,"run3_invertebrates",NA,NA,0.769417468197332,0.553133333333333,"TSS","TSS","Eudorella.truncatula","invertebrates","RF,XGBOOST,GAM",3
"Eumida.bahusiensis","Eumida bahusiensis","invertebrates","non-mobile","yellow","Low number of positive cases (presences) in model training data.",83,FALSE,1,1,0.903155960838,"RF, XGBOOST, GAM",83,22080,"run3_invertebrates",NA,NA,0.783815537084399,0.493666666666667,"TSS","TSS","Eumida.bahusiensis","invertebrates","RF,GAM",2
"Eumida.sanguinea","Eumida sanguinea","invertebrates","non-mobile","green","",326,FALSE,1,1,1.0838409210576,"RF, XGBOOST, GAM",326,24031,"run3_invertebrates",NA,NA,0.769894042703032,0.498066666666667,"TSS","TSS","Eumida.sanguinea","invertebrates","RF,XGBOOST,GAM",3
"Exogone.naidina","Exogone naidina","invertebrates","non-mobile","yellow","Low number of positive cases (presences) in model training data.",108,FALSE,1,1,0.836015901896689,"RF, XGBOOST, GAM",108,8901,"run3_invertebrates",NA,NA,0.917364657814096,0.5464,"TSS","TSS","Exogone.naidina","invertebrates","RF,XGBOOST,GAM",3
"Fabricia.stellaris","Fabricia stellaris","invertebrates","non-mobile","green","",317,FALSE,1,1,1.09064507775837,"RF, XGBOOST, GAM",317,23122,"run3_invertebrates",NA,NA,0.825711951447246,0.554733333333333,"TSS","TSS","Fabricia.stellaris","invertebrates","RF,XGBOOST,GAM",3
"Fabriciola.baltica","Fabriciola baltica","invertebrates","non-mobile","red","",209,FALSE,1,1,0.787294262780084,"RF, XGBOOST, GAM",209,6705,"run3_invertebrates",NA,NA,0.881154788537339,0.650866666666667,"TSS","TSS","Fabriciola.baltica","invertebrates","RF,XGBOOST,GAM",3
"Fabulina.fabula","Fabulina fabula","invertebrates","non-mobile","green","",1651,FALSE,1,1,1.1032910627789,"RF, XGBOOST, GAM",1651,18182,"run3_invertebrates",NA,NA,0.866900690069007,0.810933333333333,"TSS","TSS","Fabulina.fabula","invertebrates","RF,XGBOOST,GAM",3
"Farrella.repens","Farrella repens","invertebrates","non-mobile","yellow","Low number of positive cases (presences) in model training data.",96,FALSE,1,1,0.707733918627103,"RF, XGBOOST, GAM",96,890,"run3_invertebrates",NA,NA,0.838911886457717,0.530933333333333,"TSS","TSS","Farrella.repens","invertebrates","RF,GAM,XGBOOST",3
"Filellum.serpens","Filellum serpens","invertebrates","non-mobile","yellow","Low number of positive cases (presences) in model training data.",26,FALSE,1,1,0.649616117212507,"RF, XGBOOST, GAM",26,882,"run3_invertebrates",NA,NA,0.896590909090909,0.409866666666667,"TSS","TSS","Filellum.serpens","invertebrates","GAM,RF,XGBOOST",3
"Flustra.foliacea","Flustra foliacea","invertebrates","non-mobile","yellow","Low number of positive cases (presences) in model training data.",110,FALSE,1,1,0.768748312460052,"RF, XGBOOST, GAM",110,4830,"run3_invertebrates",NA,NA,0.934236777715039,0.569066666666667,"TSS","TSS","Flustra.foliacea","invertebrates","RF,GAM,XGBOOST",3
"Galathowenia.oculata","Galathowenia oculata","invertebrates","non-mobile","green","",1659,FALSE,1,1,1.19327648361524,"RF, XGBOOST, GAM",1659,25219,"run3_invertebrates",NA,NA,0.809986337100981,0.697866666666667,"TSS","TSS","Galathowenia.oculata","invertebrates","RF,XGBOOST,GAM",3
"Gammarellus.homari","Gammarellus homari","invertebrates","non-mobile","yellow","Low number of positive cases (presences) in model training data.",36,FALSE,1,1,0.716035378906462,"RF, XGBOOST, GAM",36,4756,"run3_invertebrates",NA,NA,0.965299684542587,0.515466666666667,"TSS","TSS","Gammarellus.homari","invertebrates","RF,XGBOOST,GAM",3
"Gammarus.inaequicauda","Gammarus inaequicauda","invertebrates","non-mobile","red","Low number of positive cases (presences) in model training data.",66,FALSE,1,1,0.697802218927277,"RF, XGBOOST, GAM",66,7460,"run3_invertebrates",NA,NA,0.860847597442772,0.4682,"TSS","TSS","Gammarus.inaequicauda","invertebrates","GAM,RF",2
"Gammarus.locusta","Gammarus locusta","invertebrates","non-mobile","red","",275,FALSE,1,1,1.01082872139083,"RF, XGBOOST, GAM",275,22238,"run3_invertebrates",NA,NA,0.863817037279267,0.652866666666667,"TSS","TSS","Gammarus.locusta","invertebrates","RF,XGBOOST,GAM",3
"Gammarus.oceanicus","Gammarus oceanicus","invertebrates","non-mobile","yellow","Low number of positive cases (presences) in model training data.",124,FALSE,1,1,0.944782627224922,"RF, XGBOOST, GAM",124,10676,"run3_invertebrates",NA,NA,0.938922716627635,0.710266666666667,"TSS","TSS","Gammarus.oceanicus","invertebrates","RF,XGBOOST,GAM",3
"Gammarus.salinus","Gammarus salinus","invertebrates","non-mobile","green","",626,FALSE,1,1,1.07740052726534,"RF, XGBOOST, GAM",626,22550,"run3_invertebrates",NA,NA,0.883480266075388,0.7834,"TSS","TSS","Gammarus.salinus","invertebrates","RF,XGBOOST,GAM",3
"Gammarus.tigrinus","Gammarus tigrinus","invertebrates","non-mobile","yellow","Low number of positive cases (presences) in model training data.",50,FALSE,1,1,0.690349213613404,"RF, XGBOOST, GAM",50,781,"run3_invertebrates",NA,NA,0.915384615384615,0.652533333333333,"TSS","TSS","Gammarus.tigrinus","invertebrates","RF,XGBOOST,GAM",3
"Gammarus.zaddachi","Gammarus zaddachi","invertebrates","non-mobile","green","",326,FALSE,1,1,0.724454626374775,"RF, XGBOOST, GAM",326,19560,"run3_invertebrates",NA,NA,0.897561742960516,0.712666666666667,"TSS","TSS","Gammarus.zaddachi","invertebrates","RF,XGBOOST,GAM",3
"Gastrosaccus.spinifer","Gastrosaccus spinifer","invertebrates","non-mobile","green","",517,FALSE,1,1,1.09710238337517,"RF, XGBOOST, GAM",517,22396,"run3_invertebrates",NA,NA,0.776356546299126,0.620533333333333,"TSS","TSS","Gastrosaccus.spinifer","invertebrates","RF,XGBOOST,GAM",3
"Gattyana.cirrhosa","Gattyana cirrhosa","invertebrates","non-mobile","yellow","Low number of positive cases (presences) in model training data.",75,FALSE,1,1,0.664693568017748,"RF, XGBOOST, GAM",75,1883,"run3_invertebrates",NA,NA,0.796746242263484,0.432666666666667,"TSS","TSS","Gattyana.cirrhosa","invertebrates","RF,GAM",2
"Glycera.alba","Glycera alba","invertebrates","non-mobile","green","",957,FALSE,1,1,1.12762478888035,"RF, XGBOOST, GAM",957,24965,"run3_invertebrates",NA,NA,0.771775144888708,0.6398,"TSS","TSS","Glycera.alba","invertebrates","RF,XGBOOST,GAM",3
"Glycera.unicornis","Glycera unicornis","invertebrates","non-mobile","yellow","Low number of positive cases (presences) in model training data.",98,FALSE,1,1,0.701429450843069,"RF, XGBOOST, GAM",98,2594,"run3_invertebrates",NA,NA,0.946435452793834,0.779066666666667,"TSS","TSS","Glycera.unicornis","invertebrates","RF,XGBOOST,GAM",3
"Glycinde.nordmanni","Glycinde nordmanni","invertebrates","non-mobile","yellow","Low number of positive cases (presences) in model training data.",125,FALSE,1,1,0.899388609992133,"RF, XGBOOST, GAM",125,20352,"run3_invertebrates",NA,NA,0.87422113022113,0.5658,"TSS","TSS","Glycinde.nordmanni","invertebrates","RF,XGBOOST,GAM",3
"Golfingia.vulgaris","Golfingia vulgaris","invertebrates","non-mobile","yellow","Low number of positive cases (presences) in model training data.",61,FALSE,1,1,0.708561851978302,"RF, XGBOOST, GAM",61,7648,"run3_invertebrates",NA,NA,0.949673202614379,0.574266666666667,"TSS","TSS","Golfingia.vulgaris","invertebrates","RF,GAM",2
"Goniada.maculata","Goniada maculata","invertebrates","non-mobile","green","",854,FALSE,1,1,1.14529357526037,"RF, XGBOOST, GAM",854,25123,"run3_invertebrates",NA,NA,0.793431439294754,0.6754,"TSS","TSS","Goniada.maculata","invertebrates","RF,XGBOOST,GAM",3
"Halcampa.duodecimcirrata","Halcampa duodecimcirrata","invertebrates","non-mobile","yellow","Low number of positive cases (presences) in model training data.",107,FALSE,1,1,0.707160325580173,"RF, XGBOOST, GAM",107,927,"run3_invertebrates",NA,NA,0.840823680823681,0.6098,"TSS","TSS","Halcampa.duodecimcirrata","invertebrates","RF,XGBOOST,GAM",3
"Halichondria.panicea","Halichondria panicea","invertebrates","non-mobile","red","Low number of positive cases (presences) in model training data.",111,FALSE,1,1,0.841617661383417,"RF, XGBOOST, GAM",111,7551,"run3_invertebrates",NA,NA,0.90950030102348,0.6442,"TSS","TSS","Halichondria.panicea","invertebrates","RF,XGBOOST,GAM",3
"Halicryptus.spinulosus","Halicryptus spinulosus","invertebrates","non-mobile","green","",1485,FALSE,1,1,1.16236476752493,"RF, XGBOOST, GAM",1485,18989,"run3_invertebrates",NA,NA,0.860369891649512,0.789,"TSS","TSS","Halicryptus.spinulosus","invertebrates","RF,XGBOOST,GAM",3
"Halisarca.dujardinii","Halisarca dujardinii","invertebrates","non-mobile","yellow","Low number of positive cases (presences) in model training data.",57,FALSE,1,1,0.660880730615722,"RF, XGBOOST, GAM",57,1118,"run3_invertebrates",NA,NA,0.893100649350649,0.495,"TSS","TSS","Halisarca.dujardinii","invertebrates","RF,GAM,XGBOOST",3
"Haploops.tubicola","Haploops tubicola","invertebrates","non-mobile","red","Low number of positive cases (presences) in model training data.",49,FALSE,1,1,0.732322646710608,"RF, XGBOOST, GAM",49,8598,"run3_invertebrates",NA,NA,0.990116279069767,0.6698,"TSS","TSS","Haploops.tubicola","invertebrates","RF,GAM,XGBOOST",3
"Harmothoe.imbricata","Harmothoe imbricata","invertebrates","non-mobile","green","",934,FALSE,1,1,1.21075622889731,"RF, XGBOOST, GAM",934,23248,"run3_invertebrates",NA,NA,0.718877810361681,0.427466666666667,"TSS","TSS","Harmothoe.imbricata","invertebrates","RF,XGBOOST",2
"Harpinia.antennaria","Harpinia antennaria","invertebrates","non-mobile","green","",225,FALSE,1,1,0.920587774448925,"RF, XGBOOST, GAM",225,22394,"run3_invertebrates",NA,NA,0.955883009600357,0.790133333333333,"TSS","TSS","Harpinia.antennaria","invertebrates","RF,XGBOOST,GAM",3
"Harpinia.pectinata","Harpinia pectinata","invertebrates","non-mobile","red","Low number of positive cases (presences) in model training data.",94,FALSE,1,1,0.791574320528242,"RF, XGBOOST, GAM",94,9133,"run3_invertebrates",NA,NA,0.895900671218276,0.538666666666667,"TSS","TSS","Harpinia.pectinata","invertebrates","RF,GAM",2
"Hartlaubella.gelatinosa","Hartlaubella gelatinosa","invertebrates","non-mobile","red","",214,FALSE,1,1,0.714614600274298,"RF, XGBOOST, GAM",214,819,"run3_invertebrates",NA,NA,0.760266591038003,0.4438,"TSS","TSS","Hartlaubella.gelatinosa","invertebrates","XGBOOST,GAM,RF",3
"Haustorius.arenarius","Haustorius arenarius","invertebrates","non-mobile","red","Low number of positive cases (presences) in model training data.",106,FALSE,1,1,0.884585575527615,"RF, XGBOOST, GAM",106,16962,"run3_invertebrates",NA,NA,0.935495283018868,0.6206,"TSS","TSS","Haustorius.arenarius","invertebrates","RF,XGBOOST,GAM",3
"Hediste.diversicolor","Hediste diversicolor","invertebrates","non-mobile","green","",4925,FALSE,1,1,1.54628319806523,"RF, XGBOOST, GAM",4925,24869,"run3_invertebrates",NA,NA,0.785498031387581,0.724866666666667,"TSS","TSS","Hediste.diversicolor","invertebrates","RF,XGBOOST,GAM",3
"Hermania.scabra","Hermania scabra","invertebrates","non-mobile","yellow","Low number of positive cases (presences) in model training data.",35,FALSE,1,1,0.720107844207022,"RF, XGBOOST, GAM",35,5026,"run3_invertebrates",NA,NA,0.902089552238806,0.456333333333333,"TSS","TSS","Hermania.scabra","invertebrates","RF,XGBOOST,GAM",3
"Heteromastus.filiformis","Heteromastus filiformis","invertebrates","non-mobile","green","",4337,FALSE,1,1,1.429035631352,"RF, XGBOOST, GAM",4337,24003,"run3_invertebrates",NA,NA,0.638521194282141,0.459733333333333,"TSS","TSS","Heteromastus.filiformis","invertebrates","RF,XGBOOST",2
"Heterotanais.oerstedii","Heterotanais oerstedii","invertebrates","non-mobile","green","",211,FALSE,1,1,0.979114660289553,"RF, XGBOOST, GAM",211,17614,"run3_invertebrates",NA,NA,0.872362569779544,0.6456,"TSS","TSS","Heterotanais.oerstedii","invertebrates","RF,XGBOOST,GAM",3
"Hiatella.arctica","Hiatella arctica","invertebrates","non-mobile","green","",176,FALSE,1,1,1.015461110274,"RF, XGBOOST, GAM",176,22038,"run3_invertebrates",NA,NA,0.827448794399793,0.516533333333333,"TSS","TSS","Hiatella.arctica","invertebrates","RF,XGBOOST,GAM",3
"Homarus.gammarus","Homarus gammarus","invertebrates","mobile","yellow","Low number of positive cases (presences) in model training data.",130,TRUE,1,1,1.23423534002569,"RFd, XGBOOST, GAM",120,65762,"run3_fish","Benthic_trawl,Fyke_net,Gillnet,Pelagic_trawl","Fyke_net",0.825273722627737,0.6976,"TSS","TSS","Homarus.gammarus","invertebrates","RFd,XGBOOST,GAM",3
"Hyala.vitrea","Hyala vitrea","invertebrates","non-mobile","red","",852,FALSE,1,1,1.14282839165794,"RF, XGBOOST, GAM",852,23951,"run3_invertebrates",NA,NA,0.896411641901019,0.8326,"TSS","TSS","Hyala.vitrea","invertebrates","RF,XGBOOST,GAM",3
"Hyas.araneus","Hyas araneus","invertebrates","mobile","yellow","Low number of positive cases (presences) in model training data.",117,TRUE,1,1,1.19402991056442,"RFd, XGBOOST, GAM",117,65765,"run3_fish","Benthic_trawl,Fyke_net,Gillnet,Pelagic_trawl","Fyke_net",0.844725785818411,0.722,"TSS","TSS","Hyas.araneus","invertebrates","RFd,XGBOOST,GAM",3
"Idotea.balthica","Idotea balthica","invertebrates","non-mobile","red","",603,FALSE,1,1,1.11208265549607,"RF, XGBOOST, GAM",603,24639,"run3_invertebrates",NA,NA,0.869288665879575,0.752533333333333,"TSS","TSS","Idotea.balthica","invertebrates","RF,XGBOOST,GAM",3
"Idotea.chelipes","Idotea chelipes","invertebrates","non-mobile","red","",699,FALSE,1,1,1.03979826112588,"RF, XGBOOST, GAM",699,20074,"run3_invertebrates",NA,NA,0.890499911047856,0.828333333333333,"TSS","TSS","Idotea.chelipes","invertebrates","RF,XGBOOST,GAM",3
"Jaera.albifrons","Jaera albifrons","invertebrates","non-mobile","green","",915,FALSE,1,1,1.20418155332406,"RF, XGBOOST, GAM",915,27166,"run3_invertebrates",NA,NA,0.85571296237625,0.768933333333333,"TSS","TSS","Jaera.albifrons","invertebrates","RF,XGBOOST,GAM",3
"Kurtiella.bidentata","Kurtiella bidentata","invertebrates","non-mobile","green","",1679,FALSE,1,1,0.893619726101557,"RF, XGBOOST, GAM",1679,5784,"run3_invertebrates",NA,NA,0.780313927645388,0.641866666666667,"TSS","TSS","Kurtiella.bidentata","invertebrates","RF,XGBOOST,GAM",3
"Labidoplax.buskii","Labidoplax buskii","invertebrates","non-mobile","yellow","Low number of positive cases (presences) in model training data.",84,FALSE,1,1,0.665666433638997,"RF, XGBOOST, GAM",84,2608,"run3_invertebrates",NA,NA,0.985823754789272,0.871666666666667,"TSS","TSS","Labidoplax.buskii","invertebrates","RF,XGBOOST,GAM",3
"Lagis.koreni","Lagis koreni","invertebrates","non-mobile","green","",588,FALSE,1,1,0.838565473357836,"RF, XGBOOST, GAM",588,4032,"run3_invertebrates",NA,NA,0.804899692980612,0.589733333333333,"TSS","TSS","Lagis.koreni","invertebrates","RF,XGBOOST,GAM",3
"Lamprops.fasciatus","Lamprops fasciatus","invertebrates","non-mobile","yellow","Low number of positive cases (presences) in model training data.",97,FALSE,1,1,0.862566839456558,"RF, XGBOOST, GAM",97,17934,"run3_invertebrates",NA,NA,0.87346705207401,0.513866666666667,"TSS","TSS","Lamprops.fasciatus","invertebrates","RF,GAM,XGBOOST",3
"Lanice.conchilega","Lanice conchilega","invertebrates","non-mobile","green","",1016,FALSE,1,1,1.14267576469315,"RF, XGBOOST, GAM",1016,22903,"run3_invertebrates",NA,NA,0.775591407215281,0.679266666666667,"TSS","TSS","Lanice.conchilega","invertebrates","RF,XGBOOST,GAM",3
"Laonice.bahusiensis","Laonice bahusiensis","invertebrates","non-mobile","yellow","Low number of positive cases (presences) in model training data.",84,FALSE,1,1,0.739053849975268,"RF, XGBOOST, GAM",84,8177,"run3_invertebrates",NA,NA,0.939974815614319,0.756066666666667,"TSS","TSS","Laonice.bahusiensis","invertebrates","RF,XGBOOST,GAM",3
"Laonome.kroyeri","Laonome kroyeri","invertebrates","non-mobile","yellow","Low number of positive cases (presences) in model training data.",94,FALSE,1,1,0.743200727237595,"RF, XGBOOST, GAM",94,6417,"run3_invertebrates",NA,NA,0.945661894408664,0.725133333333333,"TSS","TSS","Laonome.kroyeri","invertebrates","RF,XGBOOST,GAM",3
"Leptocheirus.pilosus","Leptocheirus pilosus","invertebrates","non-mobile","red","Low number of positive cases (presences) in model training data.",35,FALSE,1,1,0.66994241171413,"RF, XGBOOST, GAM",35,772,"run3_invertebrates",NA,NA,0.924675324675325,0.513866666666667,"TSS","TSS","Leptocheirus.pilosus","invertebrates","RF,GAM,XGBOOST",3
"Leptochiton.asellus","Leptochiton asellus","invertebrates","non-mobile","red","Low number of positive cases (presences) in model training data.",67,FALSE,1,1,0.837876294983758,"RF, XGBOOST, GAM",67,18022,"run3_invertebrates",NA,NA,0.876735251430035,0.4606,"TSS","TSS","Leptochiton.asellus","invertebrates","RF,GAM",2
"Leucon.nasica","Leucon nasica","invertebrates","non-mobile","red","",171,FALSE,1,1,0.916587904956606,"RF, XGBOOST, GAM",171,20288,"run3_invertebrates",NA,NA,0.9684544690227,0.7956,"TSS","TSS","Leucon.nasica","invertebrates","RF,XGBOOST,GAM",3
"Leucothoe.lilljeborgi","Leucothoe lilljeborgi","invertebrates","non-mobile","red","Low number of positive cases (presences) in model training data.",142,FALSE,1,1,0.847342607511414,"RF, XGBOOST, GAM",142,20185,"run3_invertebrates",NA,NA,0.909140450829824,0.6006,"TSS","TSS","Leucothoe.lilljeborgi","invertebrates","RF,XGBOOST,GAM",3
"Levinsenia.gracilis","Levinsenia gracilis","invertebrates","non-mobile","green","",688,FALSE,1,1,1.12509813421302,"RF, XGBOOST, GAM",688,25733,"run3_invertebrates",NA,NA,0.822178671689995,0.6996,"TSS","TSS","Levinsenia.gracilis","invertebrates","RF,XGBOOST,GAM",3
"Limecola.balthica","Limecola balthica","invertebrates","non-mobile","green","",6273,FALSE,1,1,1.49899277581109,"RF, XGBOOST, GAM",6273,15973,"run3_invertebrates",NA,NA,0.764713041418052,0.6626,"TSS","TSS","Limecola.balthica","invertebrates","RF,XGBOOST,GAM",3
"Lineus.ruber","Lineus ruber","invertebrates","non-mobile","green","",260,FALSE,1,1,0.859595056706005,"RF, XGBOOST, GAM",260,9558,"run3_invertebrates",NA,NA,0.936240746700998,0.763066666666667,"TSS","TSS","Lineus.ruber","invertebrates","RF,XGBOOST,GAM",3
"Lipobranchius.jeffreysii","Lipobranchius jeffreysii","invertebrates","non-mobile","red","Low number of positive cases (presences) in model training data.",54,FALSE,1,1,0.731736617816819,"RF, XGBOOST, GAM",54,7748,"run3_invertebrates",NA,NA,0.987225806451613,0.674066666666667,"TSS","TSS","Lipobranchius.jeffreysii","invertebrates","RF,XGBOOST,GAM",3
"Littorina.littorea","Littorina littorea","invertebrates","non-mobile","red","",306,FALSE,1,1,1.06879794723458,"RF, XGBOOST, GAM",306,22939,"run3_invertebrates",NA,NA,0.820252404705075,0.5982,"TSS","TSS","Littorina.littorea","invertebrates","RF,XGBOOST,GAM",3
"Littorina.saxatilis","Littorina saxatilis","invertebrates","non-mobile","red","",688,FALSE,1,1,1.01898084527916,"RF, XGBOOST, GAM",688,22337,"run3_invertebrates",NA,NA,0.913354941065397,0.826533333333333,"TSS","TSS","Littorina.saxatilis","invertebrates","RF,XGBOOST,GAM",3
"Loligo.forbesii","Loligo forbesii","invertebrates","mobile","green","",456,TRUE,1,1,1.10277181002829,"RFd, XGBOOST, GAM",306,65576,"run3_fish","Benthic_trawl,Fyke_net,Gillnet,Pelagic_trawl","Benthic_trawl",0.960594738848647,0.835066666666667,"TSS","TSS","Loligo.forbesii","invertebrates","RFd,XGBOOST,GAM",3
"Lucinoma.borealis","Lucinoma borealis","invertebrates","non-mobile","red","Low number of positive cases (presences) in model training data.",104,FALSE,1,1,0.876697280539407,"RF, XGBOOST, GAM",104,12170,"run3_invertebrates",NA,NA,0.950146730836953,0.743266666666667,"TSS","TSS","Lucinoma.borealis","invertebrates","RF,XGBOOST,GAM",3
"Lysilla.loveni","Lysilla loveni","invertebrates","non-mobile","yellow","Low number of positive cases (presences) in model training data.",127,FALSE,1,1,0.952434378067652,"RF, XGBOOST, GAM",127,18698,"run3_invertebrates",NA,NA,0.897229946524064,0.557266666666667,"TSS","TSS","Lysilla.loveni","invertebrates","RF,XGBOOST,GAM",3
"Macoma.calcarea","Macoma calcarea","invertebrates","non-mobile","green","",672,FALSE,1,1,1.07214158303208,"RF, XGBOOST, GAM",672,23233,"run3_invertebrates",NA,NA,0.712108598389589,0.4814,"TSS","TSS","Macoma.calcarea","invertebrates","RF,XGBOOST,GAM",3
"Macroplea.mutica","Macroplea mutica","invertebrates","non-mobile","red","",187,FALSE,1,1,0.766578598883417,"RF, XGBOOST, GAM",187,13522,"run3_invertebrates",NA,NA,0.925117943387174,0.636266666666667,"TSS","TSS","Macroplea.mutica","invertebrates","RF,XGBOOST,GAM",3
"Macropodia.rostrata","Macropodia rostrata","invertebrates","mobile","yellow","Low number of positive cases (presences) in model training data.",133,TRUE,1,1,1.22494970632924,"RFd, XGBOOST, GAM",133,65749,"run3_fish","Benthic_trawl,Fyke_net,Gillnet,Pelagic_trawl","Fyke_net",0.870692015209126,0.7198,"TSS","TSS","Macropodia.rostrata","invertebrates","RFd,XGBOOST,GAM",3
"Magelona.alleni","Magelona alleni","invertebrates","non-mobile","green","",529,FALSE,1,1,1.03283542275429,"RF, XGBOOST, GAM",529,24256,"run3_invertebrates",NA,NA,0.818097416210624,0.6414,"TSS","TSS","Magelona.alleni","invertebrates","RF,XGBOOST,GAM",3
"Magelona.minuta","Magelona minuta","invertebrates","non-mobile","green","",362,FALSE,1,1,0.873742325239711,"RF, XGBOOST, GAM",362,12826,"run3_invertebrates",NA,NA,0.901335282651072,0.708866666666667,"TSS","TSS","Magelona.minuta","invertebrates","RF,XGBOOST,GAM",3
"Magelona.mirabilis","Magelona mirabilis","invertebrates","non-mobile","red","",892,FALSE,1,1,1.09273694667551,"RF, XGBOOST, GAM",892,21910,"run3_invertebrates",NA,NA,0.89985846081262,0.818,"TSS","TSS","Magelona.mirabilis","invertebrates","RF,XGBOOST,GAM",3
"Malacobdella.grossa","Malacobdella grossa","invertebrates","non-mobile","green","",151,FALSE,1,1,0.821256180008253,"RF, XGBOOST, GAM",151,14229,"run3_invertebrates",NA,NA,0.884230498945889,0.639266666666667,"TSS","TSS","Malacobdella.grossa","invertebrates","RF,XGBOOST,GAM",3
"Maldane.sarsi","Maldane sarsi","invertebrates","non-mobile","green","",415,FALSE,1,1,0.962260959479544,"RF, XGBOOST, GAM",415,25017,"run3_invertebrates",NA,NA,0.907034092797334,0.815533333333333,"TSS","TSS","Maldane.sarsi","invertebrates","RF,XGBOOST,GAM",3
"Manayunkia.aestuarina","Manayunkia aestuarina","invertebrates","non-mobile","red","",319,FALSE,1,1,1.02047997997867,"RF, XGBOOST, GAM",319,21389,"run3_invertebrates",NA,NA,0.950214761570828,0.798933333333333,"TSS","TSS","Manayunkia.aestuarina","invertebrates","RF,XGBOOST,GAM",3
"Marenzelleria","Marenzelleria","invertebrates","non-mobile","green","",4833,FALSE,1,1,1.37100695192814,"RF, XGBOOST, GAM",4833,16003,"run3_invertebrates",NA,NA,0.8461125288213,0.797066666666667,"TSS","TSS","Marenzelleria","invertebrates","RF,XGBOOST,GAM",3
"Mediomastus.fragilis","Mediomastus fragilis","invertebrates","non-mobile","green","",593,FALSE,1,1,0.85696570886506,"RF, XGBOOST, GAM",593,19359,"run3_invertebrates",NA,NA,0.6811996492812,0.450333333333333,"TSS","TSS","Mediomastus.fragilis","invertebrates","XGBOOST,GAM",2
"Megamphopus.cornutus","Megamphopus cornutus","invertebrates","non-mobile","red","Low number of positive cases (presences) in model training data.",73,FALSE,1,1,0.766559300820033,"RF, XGBOOST, GAM",73,13611,"run3_invertebrates",NA,NA,0.724090129806515,0.4514,"TSS","TSS","Megamphopus.cornutus","invertebrates","RF,GAM",2
"Melita.palmata","Melita palmata","invertebrates","non-mobile","red","",281,FALSE,1,1,1.04836053530375,"RF, XGBOOST, GAM",281,23591,"run3_invertebrates",NA,NA,0.848919033488766,0.646933333333333,"TSS","TSS","Melita.palmata","invertebrates","RF,XGBOOST,GAM",3
"Metridium.senile","Metridium senile","invertebrates","non-mobile","yellow","Low number of positive cases (presences) in model training data.",38,FALSE,1,1,0.675651290814082,"RF, XGBOOST, GAM",38,1899,"run3_invertebrates",NA,NA,0.917105263157895,0.559,"TSS","TSS","Metridium.senile","invertebrates","GAM,RF,XGBOOST",3
"Microdeutopus.gryllotalpa","Microdeutopus gryllotalpa","invertebrates","non-mobile","red","",1988,FALSE,1,1,1.35075904640887,"RF, XGBOOST, GAM",1988,23885,"run3_invertebrates",NA,NA,0.743419525931941,0.636066666666667,"TSS","TSS","Microdeutopus.gryllotalpa","invertebrates","RF,XGBOOST,GAM",3
"Microphthalmus.sczelkowii","Microphthalmus sczelkowii","invertebrates","non-mobile","yellow","Low number of positive cases (presences) in model training data.",31,FALSE,1,1,0.74490503085984106,"RF, XGBOOST, GAM",31,7746,"run3_invertebrates",NA,NA,0.895653109533032,0.403733333333333,"TSS","TSS","Microphthalmus.sczelkowii","invertebrates","RF,GAM,XGBOOST",3
"Micrura.baltica","Micrura baltica","invertebrates","non-mobile","yellow","Low number of positive cases (presences) in model training data.",85,FALSE,1,1,0.723289953337775,"RF, XGBOOST, GAM",85,2771,"run3_invertebrates",NA,NA,0.790040348269272,0.5128,"TSS","TSS","Micrura.baltica","invertebrates","RF,GAM,XGBOOST",3
"Modiolus.modiolus","Modiolus modiolus","invertebrates","non-mobile","green","",189,FALSE,1,1,0.96985366417302,"RF, XGBOOST, GAM",189,22522,"run3_invertebrates",NA,NA,0.828727680658129,0.496266666666667,"TSS","TSS","Modiolus.modiolus","invertebrates","RF,XGBOOST,GAM",3
"Molgula.manhattensis","Molgula manhattensis","invertebrates","non-mobile","yellow","Low number of positive cases (presences) in model training data.",69,FALSE,1,1,0.791944873597887,"RF, XGBOOST, GAM",69,15823,"run3_invertebrates",NA,NA,0.865046264951478,0.669133333333333,"TSS","TSS","Molgula.manhattensis","invertebrates","RF,XGBOOST,GAM",3
"Monocorophium.insidiosum","Monocorophium insidiosum","invertebrates","non-mobile","yellow","Low number of positive cases (presences) in model training data.",67,FALSE,1,1,0.661635873913765,"RF, XGBOOST, GAM",67,1688,"run3_invertebrates",NA,NA,0.819526627218935,0.446333333333333,"TSS","TSS","Monocorophium.insidiosum","invertebrates","GAM,XGBOOST,RF",3
"Monoporeia.affinis","Monoporeia affinis","invertebrates","non-mobile","green","",2975,FALSE,1,1,1.00726773056719,"RF, XGBOOST, GAM",2975,4335,"run3_invertebrates",NA,NA,0.83508320975449,0.752866666666667,"TSS","TSS","Monoporeia.affinis","invertebrates","RF,XGBOOST,GAM",3
"Musculus.discors","Musculus discors","invertebrates","non-mobile","yellow","Low number of positive cases (presences) in model training data.",147,FALSE,1,1,0.905907294419077,"RF, XGBOOST, GAM",147,14326,"run3_invertebrates",NA,NA,0.915520250346031,0.468466666666667,"TSS","TSS","Musculus.discors","invertebrates","RF,GAM,XGBOOST",3
"Musculus.niger","Musculus niger","invertebrates","non-mobile","green","",206,FALSE,1,1,1.01587648305628,"RF, XGBOOST, GAM",206,21570,"run3_invertebrates",NA,NA,0.860522179630697,0.5752,"TSS","TSS","Musculus.niger","invertebrates","RF,XGBOOST,GAM",3
"Musculus.subpictus","Musculus subpictus","invertebrates","non-mobile","red","Low number of positive cases (presences) in model training data.",146,FALSE,1,1,0.8153617866834,"RF, XGBOOST, GAM",146,8656,"run3_invertebrates",NA,NA,0.946265861869758,0.6508,"TSS","TSS","Musculus.subpictus","invertebrates","RF,XGBOOST,GAM",3
"Mya.arenaria","Mya arenaria","invertebrates","non-mobile","green","",5403,FALSE,1,1,1.64187414692508,"RF, XGBOOST, GAM",5403,24469,"run3_invertebrates",NA,NA,0.617647692600239,0.510266666666667,"TSS","TSS","Mya.arenaria","invertebrates","RF,XGBOOST,GAM",3
"Mya.truncata","Mya truncata","invertebrates","non-mobile","green","",183,FALSE,1,1,0.967842949430148,"RF, XGBOOST, GAM",183,19469,"run3_invertebrates",NA,NA,0.852007940143533,0.405733333333333,"TSS","TSS","Mya.truncata","invertebrates","RF,XGBOOST",2
"Mysia.undata","Mysia undata","invertebrates","non-mobile","yellow","Low number of positive cases (presences) in model training data.",95,FALSE,1,1,0.866837873061498,"RF, XGBOOST, GAM",95,18632,"run3_invertebrates",NA,NA,0.82757860835664,0.5122,"TSS","TSS","Mysia.undata","invertebrates","RF,GAM,XGBOOST",3
"Mysis.mixta","Mysis mixta","invertebrates","non-mobile","green","",173,FALSE,1,1,0.88945345891846594,"RF, XGBOOST, GAM",173,5504,"run3_invertebrates",NA,NA,0.882283638250941,0.584333333333333,"TSS","TSS","Mysis.mixta","invertebrates","RF,XGBOOST,GAM",3
"Mysis.relicta","Mysis relicta","invertebrates","non-mobile","green","",470,FALSE,1,1,0.850304275552432,"RF, XGBOOST, GAM",470,5164,"run3_invertebrates",NA,NA,0.812224259026591,0.705,"TSS","TSS","Mysis.relicta","invertebrates","RF,XGBOOST,GAM",3
"Mytilus","Mytilus","invertebrates","non-mobile","green","",5798,FALSE,1,1,1.55279907193449,"RF, XGBOOST, GAM",5798,17657,"run3_invertebrates",NA,NA,0.733970155958554,0.618,"TSS","TSS","Mytilus","invertebrates","RF,XGBOOST,GAM",3
"Neoamphitrite.figulus","Neoamphitrite figulus","invertebrates","non-mobile","green","",233,FALSE,1,1,1.03227628860209,"RF, XGBOOST, GAM",233,21969,"run3_invertebrates",NA,NA,0.846481178396072,0.514133333333333,"TSS","TSS","Neoamphitrite.figulus","invertebrates","RF,XGBOOST,GAM",3
"Neomysis.integer","Neomysis integer","invertebrates","non-mobile","green","",184,FALSE,1,1,0.967937009467019,"RF, XGBOOST, GAM",184,14827,"run3_invertebrates",NA,NA,0.901714598240737,0.630333333333333,"TSS","TSS","Neomysis.integer","invertebrates","RF,XGBOOST,GAM",3
"Nephrops.norvegicus","Nephrops norvegicus","invertebrates","mobile","green","",435,TRUE,1,1,1.04821874943044,"RFd, XGBOOST, GAM",380,65502,"run3_fish","Benthic_trawl,Fyke_net,Gillnet,Pelagic_trawl","Benthic_trawl",0.967099236641221,0.856,"TSS","TSS","Nephrops.norvegicus","invertebrates","RFd,XGBOOST,GAM",3
"Nephtys.assimilis","Nephtys assimilis","invertebrates","non-mobile","green","",244,FALSE,1,1,0.912978500260247,"RF, XGBOOST, GAM",244,20302,"run3_invertebrates",NA,NA,0.83594651653765,0.638466666666667,"TSS","TSS","Nephtys.assimilis","invertebrates","RF,XGBOOST,GAM",3
"Nephtys.caeca","Nephtys caeca","invertebrates","non-mobile","green","",1577,FALSE,1,1,1.24294134616852,"RF, XGBOOST, GAM",1577,24386,"run3_invertebrates",NA,NA,0.749060279706169,0.579666666666667,"TSS","TSS","Nephtys.caeca","invertebrates","RF,XGBOOST,GAM",3
"Nephtys.ciliata","Nephtys ciliata","invertebrates","non-mobile","green","",2242,FALSE,1,1,1.27651459031635,"RF, XGBOOST, GAM",2242,23970,"run3_invertebrates",NA,NA,0.701710471422612,0.5746,"TSS","TSS","Nephtys.ciliata","invertebrates","RF,XGBOOST,GAM",3
"Nephtys.cirrosa","Nephtys cirrosa","invertebrates","non-mobile","red","Low number of positive cases (presences) in model training data.",131,FALSE,1,1,0.955998606085777,"RF, XGBOOST, GAM",131,20037,"run3_invertebrates",NA,NA,0.74500201570328906,0.520666666666667,"TSS","TSS","Nephtys.cirrosa","invertebrates","XGBOOST,GAM,RF",3
"Nephtys.incisa","Nephtys incisa","invertebrates","non-mobile","red","",458,FALSE,1,1,1.08919205725193,"RF, XGBOOST, GAM",458,24577,"run3_invertebrates",NA,NA,0.876734928568269,0.789933333333333,"TSS","TSS","Nephtys.incisa","invertebrates","RF,XGBOOST,GAM",3
"Nephtys.longosetosa","Nephtys longosetosa","invertebrates","non-mobile","green","",650,FALSE,1,1,1.12114530391163,"RF, XGBOOST, GAM",650,22226,"run3_invertebrates",NA,NA,0.801297914683741,0.68,"TSS","TSS","Nephtys.longosetosa","invertebrates","RF,XGBOOST,GAM",3
"Nephtys.pente","Nephtys pente","invertebrates","non-mobile","yellow","Low number of positive cases (presences) in model training data.",141,FALSE,1,1,0.904421293934186,"RF, XGBOOST, GAM",141,16073,"run3_invertebrates",NA,NA,0.805958675849811,0.4962,"TSS","TSS","Nephtys.pente","invertebrates","RF,XGBOOST,GAM",3
"Nereimyra.punctata","Nereimyra punctata","invertebrates","non-mobile","green","",381,FALSE,1,1,1.08567399442196,"RF, XGBOOST, GAM",381,23760,"run3_invertebrates",NA,NA,0.811113326244905,0.5372,"TSS","TSS","Nereimyra.punctata","invertebrates","RF,XGBOOST,GAM",3
"Nicolea.zostericola","Nicolea zostericola","invertebrates","non-mobile","red","Low number of positive cases (presences) in model training data.",55,FALSE,1,1,0.775152116682794,"RF, XGBOOST, GAM",55,10321,"run3_invertebrates",NA,NA,0.7401955602537,0.463466666666667,"TSS","TSS","Nicolea.zostericola","invertebrates","RF,GAM,XGBOOST",3
"Nicomache.minor","Nicomache minor","invertebrates","non-mobile","red","Low number of positive cases (presences) in model training data.",26,FALSE,1,1,0.640265168084039,"RF, XGBOOST, GAM",26,827,"run3_invertebrates",NA,NA,0.981818181818182,0.543133333333333,"TSS","TSS","Nicomache.minor","invertebrates","GAM,XGBOOST",2
"Notomastus.latericeus","Notomastus latericeus","invertebrates","non-mobile","green","",787,FALSE,1,1,1.09733263552189,"RF, XGBOOST, GAM",787,23737,"run3_invertebrates",NA,NA,0.892701659378568,0.8528,"TSS","TSS","Notomastus.latericeus","invertebrates","RF,XGBOOST,GAM",3
"Nucula.nitidosa","Nucula nitidosa","invertebrates","non-mobile","green","",2777,FALSE,1,1,1.23778176499738,"RF, XGBOOST, GAM",2777,24441,"run3_invertebrates",NA,NA,0.799047713834948,0.7398,"TSS","TSS","Nucula.nitidosa","invertebrates","RF,XGBOOST,GAM",3
"Nucula.sulcata","Nucula sulcata","invertebrates","non-mobile","red","Low number of positive cases (presences) in model training data.",46,FALSE,1,1,0.741970196896129,"RF, XGBOOST, GAM",46,6453,"run3_invertebrates",NA,NA,0.988845855925639,0.707733333333333,"TSS","TSS","Nucula.sulcata","invertebrates","RF,XGBOOST,GAM",3
"Nuculana.pernula","Nuculana pernula","invertebrates","non-mobile","red","Low number of positive cases (presences) in model training data.",59,FALSE,1,1,0.792183050844404,"RF, XGBOOST, GAM",59,13560,"run3_invertebrates",NA,NA,0.910914454277286,0.572866666666667,"TSS","TSS","Nuculana.pernula","invertebrates","RF,XGBOOST,GAM",3
"Nymphon.brevirostre","Nymphon brevirostre","invertebrates","non-mobile","red","Low number of positive cases (presences) in model training data.",78,FALSE,1,1,0.810300083557765,"RF, XGBOOST, GAM",78,7685,"run3_invertebrates",NA,NA,0.911483409238777,0.651133333333333,"TSS","TSS","Nymphon.brevirostre","invertebrates","RF,XGBOOST,GAM",3
"Onoba.semicostata","Onoba semicostata","invertebrates","non-mobile","green","",183,FALSE,1,1,0.867869549459881,"RF, XGBOOST, GAM",183,14286,"run3_invertebrates",NA,NA,0.943881788684029,0.715,"TSS","TSS","Onoba.semicostata","invertebrates","RF,XGBOOST,GAM",3
"Opercularella.lacerata","Opercularella lacerata","invertebrates","non-mobile","yellow","Low number of positive cases (presences) in model training data.",39,FALSE,1,1,0.673858307202657,"RF, XGBOOST, GAM",39,998,"run3_invertebrates",NA,NA,0.81,0.526,"TSS","TSS","Opercularella.lacerata","invertebrates","RF,XGBOOST,GAM",3
"Ophelia.borealis","Ophelia borealis","invertebrates","non-mobile","green","",699,FALSE,1,1,1.05671149141259,"RF, XGBOOST, GAM",699,22536,"run3_invertebrates",NA,NA,0.874053377286126,0.747733333333333,"TSS","TSS","Ophelia.borealis","invertebrates","RF,XGBOOST,GAM",3
"Ophelia.rathkei","Ophelia rathkei","invertebrates","non-mobile","green","",206,FALSE,1,1,0.928937929670016,"RF, XGBOOST, GAM",206,14126,"run3_invertebrates",NA,NA,0.9299736671703,0.6406,"TSS","TSS","Ophelia.rathkei","invertebrates","RF,XGBOOST,GAM",3
"Ophelina.acuminata","Ophelina acuminata","invertebrates","non-mobile","red","",238,FALSE,1,1,0.974407675001356,"RF, XGBOOST, GAM",238,23722,"run3_invertebrates",NA,NA,0.811186059584036,0.537533333333333,"TSS","TSS","Ophelina.acuminata","invertebrates","RF,XGBOOST,GAM",3
"Ophiura.albida","Ophiura albida","invertebrates","non-mobile","green","",2144,FALSE,1,1,1.23836117115286,"RF, XGBOOST, GAM",2144,25096,"run3_invertebrates",NA,NA,0.737500156747019,0.618866666666667,"TSS","TSS","Ophiura.albida","invertebrates","RF,XGBOOST,GAM",3
"Owenia.fusiformis","Owenia fusiformis","invertebrates","non-mobile","green","",245,FALSE,1,1,0.983035096989738,"RF, XGBOOST, GAM",245,22313,"run3_invertebrates",NA,NA,0.865860339206263,0.616666666666667,"TSS","TSS","Owenia.fusiformis","invertebrates","RF,XGBOOST,GAM",3
"Oxydromus.flexuosus","Oxydromus flexuosus","invertebrates","non-mobile","yellow","Low number of positive cases (presences) in model training data.",76,FALSE,1,1,0.672203756372134,"RF, XGBOOST, GAM",76,2616,"run3_invertebrates",NA,NA,0.939961759082218,0.783133333333333,"TSS","TSS","Oxydromus.flexuosus","invertebrates","RF,XGBOOST,GAM",3
"Palaemon.adspersus","Palaemon adspersus","invertebrates","non-mobile","red","Low number of positive cases (presences) in model training data.",89,FALSE,1,1,0.860525271428956,"RF, XGBOOST, GAM",89,14385,"run3_invertebrates",NA,NA,0.740933843123624,0.525933333333333,"TSS","TSS","Palaemon.adspersus","invertebrates","RF,XGBOOST,GAM",3
"Paradoneis.eliasoni","Paradoneis eliasoni","invertebrates","non-mobile","yellow","Low number of positive cases (presences) in model training data.",115,FALSE,1,1,0.691430696646372,"RF, XGBOOST, GAM",115,919,"run3_invertebrates",NA,NA,0.821739130434783,0.537666666666667,"TSS","TSS","Paradoneis.eliasoni","invertebrates","RF,XGBOOST,GAM",3
"Paramphinome.jeffreysii","Paramphinome jeffreysii","invertebrates","non-mobile","yellow","Low number of positive cases (presences) in model training data.",54,FALSE,1,1,0.788840721382035,"RF, XGBOOST, GAM",54,10201,"run3_invertebrates",NA,NA,0.990980392156863,0.614133333333333,"TSS","TSS","Paramphinome.jeffreysii","invertebrates","RF,XGBOOST,GAM",3
"Paraonis.fulgens","Paraonis fulgens","invertebrates","non-mobile","green","",332,FALSE,1,1,1.0713273113966,"RF, XGBOOST, GAM",332,21349,"run3_invertebrates",NA,NA,0.880129160457029,0.656733333333333,"TSS","TSS","Paraonis.fulgens","invertebrates","RF,XGBOOST,GAM",3
"Parathyasira.equalis","Parathyasira equalis","invertebrates","non-mobile","red","Low number of positive cases (presences) in model training data.",49,FALSE,1,1,0.670342672533459,"RF, XGBOOST, GAM",49,2434,"run3_invertebrates",NA,NA,0.95523613963039,0.699066666666667,"TSS","TSS","Parathyasira.equalis","invertebrates","RF,XGBOOST,GAM",3
"Parexogone.hebes","Parexogone hebes","invertebrates","non-mobile","yellow","Low number of positive cases (presences) in model training data.",34,FALSE,1,1,0.656022503905826,"RF, XGBOOST, GAM",34,983,"run3_invertebrates",NA,NA,0.965482233502538,0.6824,"TSS","TSS","Parexogone.hebes","invertebrates","RF,GAM,XGBOOST",3
"Pariambus.typicus","Pariambus typicus","invertebrates","non-mobile","yellow","Low number of positive cases (presences) in model training data.",138,FALSE,1,1,0.939135002228949,"RF, XGBOOST, GAM",138,22476,"run3_invertebrates",NA,NA,0.877030033370412,0.449466666666667,"TSS","TSS","Pariambus.typicus","invertebrates","GAM,XGBOOST,RF",3
"Parvicardium.exiguum","Parvicardium exiguum","invertebrates","non-mobile","red","",190,FALSE,1,1,0.763189341359668,"RF, XGBOOST, GAM",190,8899,"run3_invertebrates",NA,NA,0.898947368421053,0.553066666666667,"TSS","TSS","Parvicardium.exiguum","invertebrates","XGBOOST,GAM,RF",3
"Parvicardium.hauniense","Parvicardium hauniense","invertebrates","non-mobile","red","",174,FALSE,1,1,0.773372489147716,"RF, XGBOOST, GAM",174,12434,"run3_invertebrates",NA,NA,0.957851685909587,0.8034,"TSS","TSS","Parvicardium.hauniense","invertebrates","RF,XGBOOST,GAM",3
"Parvicardium.minimum","Parvicardium minimum","invertebrates","non-mobile","yellow","Low number of positive cases (presences) in model training data.",53,FALSE,1,1,0.78384309914377,"RF, XGBOOST, GAM",53,13183,"run3_invertebrates",NA,NA,0.970800151687524,0.697466666666667,"TSS","TSS","Parvicardium.minimum","invertebrates","RF,XGBOOST,GAM",3
"Parvicardium.pinnulatum","Parvicardium pinnulatum","invertebrates","non-mobile","green","",1127,FALSE,1,1,1.19565392143197,"RF, XGBOOST, GAM",1127,23033,"run3_invertebrates",NA,NA,0.732284687552758,0.4758,"TSS","TSS","Parvicardium.pinnulatum","invertebrates","RF,XGBOOST",2
"Parvicardium.scabrum","Parvicardium scabrum","invertebrates","non-mobile","red","Low number of positive cases (presences) in model training data.",42,FALSE,1,1,0.82019056002299,"RF, XGBOOST, GAM",42,11054,"run3_invertebrates",NA,NA,0.860707824513795,0.473133333333333,"TSS","TSS","Parvicardium.scabrum","invertebrates","RF,GAM",2
"Pectinaria.belgica","Pectinaria belgica","invertebrates","non-mobile","green","",165,FALSE,1,1,0.916499201125569,"RF, XGBOOST, GAM",165,18263,"run3_invertebrates",NA,NA,0.848290736546964,0.633933333333333,"TSS","TSS","Pectinaria.belgica","invertebrates","RF,XGBOOST,GAM",3
"Pennatula.phosphorea","Pennatula phosphorea","invertebrates","non-mobile","red","Low number of positive cases (presences) in model training data.",54,FALSE,1,1,0.712932381100125,"RF, XGBOOST, GAM",54,9091,"run3_invertebrates",NA,NA,0.942244224422442,0.502933333333333,"TSS","TSS","Pennatula.phosphorea","invertebrates","GAM,RF",2
"Peringia.ulvae","Peringia ulvae","invertebrates","non-mobile","green","",1757,FALSE,1,1,0.936549443602562,"RF, XGBOOST, GAM",1757,3948,"run3_invertebrates",NA,NA,0.772943849399546,0.645266666666667,"TSS","TSS","Peringia.ulvae","invertebrates","RF,XGBOOST,GAM",3
"Perioculodes.longimanus","Perioculodes longimanus","invertebrates","non-mobile","green","",225,FALSE,1,1,0.978046307497554,"RF, XGBOOST, GAM",225,22648,"run3_invertebrates",NA,NA,0.768373804267844,0.539666666666667,"TSS","TSS","Perioculodes.longimanus","invertebrates","RF,XGBOOST,GAM",3
"Phaxas.pellucidus","Phaxas pellucidus","invertebrates","non-mobile","green","",1681,FALSE,1,1,1.24670079946518,"RF, XGBOOST, GAM",1681,25864,"run3_invertebrates",NA,NA,0.663786326438559,0.493,"TSS","TSS","Phaxas.pellucidus","invertebrates","RF,XGBOOST,GAM",3
"Pherusa.plumosa","Pherusa plumosa","invertebrates","non-mobile","green","",224,FALSE,1,1,0.947907662259208,"RF, XGBOOST, GAM",224,21080,"run3_invertebrates",NA,NA,0.897443601096353,0.681866666666667,"TSS","TSS","Pherusa.plumosa","invertebrates","RF,XGBOOST,GAM",3
"Philine.aperta","Philine aperta","invertebrates","non-mobile","green","",975,FALSE,1,1,1.06872144189146,"RF, XGBOOST, GAM",975,23615,"run3_invertebrates",NA,NA,0.66968864856648,0.518333333333333,"TSS","TSS","Philine.aperta","invertebrates","RF,XGBOOST,GAM",3
"Philine.quadripartita","Philine quadripartita","invertebrates","non-mobile","green","",158,FALSE,1,1,0.738564902544022,"RF, XGBOOST, GAM",158,5942,"run3_invertebrates",NA,NA,0.971717171717172,0.7564,"TSS","TSS","Philine.quadripartita","invertebrates","RF,XGBOOST,GAM",3
"Pholoe.assimilis","Pholoe assimilis","invertebrates","non-mobile","green","",179,FALSE,1,1,0.728757266667154,"RF, XGBOOST, GAM",179,6347,"run3_invertebrates",NA,NA,0.912017336485422,0.741266666666667,"TSS","TSS","Pholoe.assimilis","invertebrates","RF,XGBOOST,GAM",3
"Pholoe.baltica","Pholoe baltica","invertebrates","non-mobile","green","",2209,FALSE,1,1,1.25377553469605,"RF, XGBOOST, GAM",2209,25317,"run3_invertebrates",NA,NA,0.787641330100463,0.703666666666667,"TSS","TSS","Pholoe.baltica","invertebrates","RF,XGBOOST,GAM",3
"Pholoe.inornata","Pholoe inornata","invertebrates","non-mobile","green","",1496,FALSE,1,1,1.21129009332922,"RF, XGBOOST, GAM",1496,21580,"run3_invertebrates",NA,NA,0.723189748962405,0.5598,"TSS","TSS","Pholoe.inornata","invertebrates","RF,XGBOOST,GAM",3
"Pholoe.pallida","Pholoe pallida","invertebrates","non-mobile","red","",208,FALSE,1,1,0.846939673291312,"RF, XGBOOST, GAM",208,15444,"run3_invertebrates",NA,NA,0.977173996824369,0.811333333333333,"TSS","TSS","Pholoe.pallida","invertebrates","RF,XGBOOST,GAM",3
"Phoronis.muelleri","Phoronis muelleri","invertebrates","non-mobile","green","",2453,FALSE,1,1,1.23097954134146,"RF, XGBOOST, GAM",2453,23666,"run3_invertebrates",NA,NA,0.779205500401695,0.6906,"TSS","TSS","Phoronis.muelleri","invertebrates","RF,XGBOOST,GAM",3
"Photis.longicaudata","Photis longicaudata","invertebrates","non-mobile","red","Low number of positive cases (presences) in model training data.",48,FALSE,1,1,0.785353839993477,"RF, XGBOOST, GAM",48,12713,"run3_invertebrates",NA,NA,0.895328352339756,0.459933333333333,"TSS","TSS","Photis.longicaudata","invertebrates","RF,XGBOOST,GAM",3
"Phoxocephalus.holbolli","Phoxocephalus holbolli","invertebrates","non-mobile","yellow","Low number of positive cases (presences) in model training data.",126,FALSE,1,1,0.672436147729556,"RF, XGBOOST, GAM",126,1323,"run3_invertebrates",NA,NA,0.944,0.7462,"TSS","TSS","Phoxocephalus.holbolli","invertebrates","RF,XGBOOST,GAM",3
"Phyllodoce.groenlandica","Phyllodoce groenlandica","invertebrates","non-mobile","green","",759,FALSE,1,1,1.11889001554913,"RF, XGBOOST, GAM",759,24605,"run3_invertebrates",NA,NA,0.694432026010973,0.500266666666667,"TSS","TSS","Phyllodoce.groenlandica","invertebrates","RF,XGBOOST,GAM",3
"Phyllodoce.mucosa","Phyllodoce mucosa","invertebrates","non-mobile","green","",504,FALSE,1,1,1.14801449974378,"RF, XGBOOST, GAM",504,22335,"run3_invertebrates",NA,NA,0.785217890492877,0.471,"TSS","TSS","Phyllodoce.mucosa","invertebrates","RF,XGBOOST,GAM",3
"Phyllodoce.rosea","Phyllodoce rosea","invertebrates","non-mobile","yellow","Low number of positive cases (presences) in model training data.",77,FALSE,1,1,0.784650867184003,"RF, XGBOOST, GAM",77,20805,"run3_invertebrates",NA,NA,0.774573419850997,0.417533333333333,"TSS","TSS","Phyllodoce.rosea","invertebrates","RF,GAM",2
"Pisione.remota","Pisione remota","invertebrates","non-mobile","yellow","Low number of positive cases (presences) in model training data.",35,FALSE,1,1,0.766880590518316,"RF, XGBOOST, GAM",35,16167,"run3_invertebrates",NA,NA,0.90139189607176,0.4294,"TSS","TSS","Pisione.remota","invertebrates","RF,GAM,XGBOOST",3
"Platynereis.dumerilii","Platynereis dumerilii","invertebrates","non-mobile","green","",423,FALSE,1,1,1.06711403608322,"RF, XGBOOST, GAM",423,21081,"run3_invertebrates",NA,NA,0.910426944971537,0.721266666666667,"TSS","TSS","Platynereis.dumerilii","invertebrates","RF,XGBOOST,GAM",3
"Poecilochaetus.serpens","Poecilochaetus serpens","invertebrates","non-mobile","green","",513,FALSE,1,1,1.01021868083212,"RF, XGBOOST, GAM",513,23269,"run3_invertebrates",NA,NA,0.860892603084934,0.684733333333333,"TSS","TSS","Poecilochaetus.serpens","invertebrates","RF,XGBOOST,GAM",3
"Polycirrus.medusa","Polycirrus medusa","invertebrates","non-mobile","green","",264,FALSE,1,1,0.954626068605317,"RF, XGBOOST, GAM",264,19928,"run3_invertebrates",NA,NA,0.854934724365468,0.6622,"TSS","TSS","Polycirrus.medusa","invertebrates","RF,XGBOOST,GAM",3
"Polycirrus.norvegicus","Polycirrus norvegicus","invertebrates","non-mobile","yellow","Low number of positive cases (presences) in model training data.",74,FALSE,1,1,0.813087255822288,"RF, XGBOOST, GAM",74,10999,"run3_invertebrates",NA,NA,0.847636363636364,0.477133333333333,"TSS","TSS","Polycirrus.norvegicus","invertebrates","RF,GAM",2
"Polycirrus.plumosus","Polycirrus plumosus","invertebrates","non-mobile","yellow","Low number of positive cases (presences) in model training data.",71,FALSE,1,1,0.73445556945271,"RF, XGBOOST, GAM",71,7814,"run3_invertebrates",NA,NA,0.962727355817567,0.730533333333333,"TSS","TSS","Polycirrus.plumosus","invertebrates","RF,XGBOOST,GAM",3
"Polydora.cornuta","Polydora cornuta","invertebrates","non-mobile","green","",1974,FALSE,1,1,1.36929103639391,"RF, XGBOOST, GAM",1974,23087,"run3_invertebrates",NA,NA,0.677858217978138,0.566733333333333,"TSS","TSS","Polydora.cornuta","invertebrates","RF,XGBOOST,GAM",3
"Polyphysia.crassa","Polyphysia crassa","invertebrates","non-mobile","yellow","Low number of positive cases (presences) in model training data.",119,FALSE,1,1,0.875329052540991,"RF, XGBOOST, GAM",119,16747,"run3_invertebrates",NA,NA,0.976557678909127,0.788333333333333,"TSS","TSS","Polyphysia.crassa","invertebrates","RF,XGBOOST,GAM",3
"Pontoporeia.femorata","Pontoporeia femorata","invertebrates","non-mobile","green","",1199,FALSE,1,1,1.12746320360237,"RF, XGBOOST, GAM",1199,18863,"run3_invertebrates",NA,NA,0.867633845746091,0.809,"TSS","TSS","Pontoporeia.femorata","invertebrates","RF,XGBOOST,GAM",3
"Potamopyrgus.antipodarum","Potamopyrgus antipodarum","invertebrates","non-mobile","red","",1086,FALSE,1,1,1.08335813608434,"RF, XGBOOST, GAM",1086,24610,"run3_invertebrates",NA,NA,0.910812172190316,0.8618,"TSS","TSS","Potamopyrgus.antipodarum","invertebrates","RF,XGBOOST,GAM",3
"Praxillella.affinis","Praxillella affinis","invertebrates","non-mobile","green","",271,FALSE,1,1,0.882606418066555,"RF, XGBOOST, GAM",271,14781,"run3_invertebrates",NA,NA,0.939344960657545,0.7662,"TSS","TSS","Praxillella.affinis","invertebrates","RF,XGBOOST,GAM",3
"Praxillella.praetermissa","Praxillella praetermissa","invertebrates","non-mobile","green","",422,FALSE,1,1,0.948888674444622,"RF, XGBOOST, GAM",422,23085,"run3_invertebrates",NA,NA,0.872508431572759,0.745733333333333,"TSS","TSS","Praxillella.praetermissa","invertebrates","RF,XGBOOST,GAM",3
"Priapulus.caudatus","Priapulus caudatus","invertebrates","non-mobile","green","",345,FALSE,1,1,1.14777959638172,"RF, XGBOOST, GAM",345,25334,"run3_invertebrates",NA,NA,0.802117709647249,0.582733333333333,"TSS","TSS","Priapulus.caudatus","invertebrates","RF,XGBOOST,GAM",3
"Prionospio.fallax","Prionospio fallax","invertebrates","non-mobile","green","",2118,FALSE,1,1,1.24157628973325,"RF, XGBOOST, GAM",2118,24803,"run3_invertebrates",NA,NA,0.762727291743524,0.670066666666667,"TSS","TSS","Prionospio.fallax","invertebrates","RF,XGBOOST,GAM",3
"Prionospio.multibranchiat","Prionospio multibranchiat","invertebrates","non-mobile","green","",211,FALSE,1,1,0.777054079704814,"RF, XGBOOST, GAM",211,9145,"run3_invertebrates",NA,NA,0.940870629279596,0.7556,"TSS","TSS","Prionospio.multibranchiat","invertebrates","RF,XGBOOST,GAM",3
"Prionospio.steenstrupi","Prionospio steenstrupi","invertebrates","non-mobile","red","Low number of positive cases (presences) in model training data.",46,FALSE,1,1,0.773006830215454,"RF, XGBOOST, GAM",46,10610,"run3_invertebrates",NA,NA,0.831814849722484,0.489333333333333,"TSS","TSS","Prionospio.steenstrupi","invertebrates","RF,GAM,XGBOOST",3
"Protomedeia.fasciata","Protomedeia fasciata","invertebrates","non-mobile","green","",212,FALSE,1,1,0.844444131917424,"RF, XGBOOST, GAM",212,17443,"run3_invertebrates",NA,NA,0.903725995987389,0.7066,"TSS","TSS","Protomedeia.fasciata","invertebrates","RF,XGBOOST,GAM",3
"Psammechinus.miliaris","Psammechinus miliaris","invertebrates","non-mobile","yellow","Low number of positive cases (presences) in model training data.",127,FALSE,1,1,0.892619440290663,"RF, XGBOOST, GAM",127,16729,"run3_invertebrates",NA,NA,0.911892408846384,0.597466666666667,"TSS","TSS","Psammechinus.miliaris","invertebrates","RF,XGBOOST,GAM",3
"Pusillina.inconspicua","Pusillina inconspicua","invertebrates","non-mobile","yellow","Low number of positive cases (presences) in model training data.",31,FALSE,1,1,0.700326409737269,"RF, XGBOOST, GAM",31,3545,"run3_invertebrates",NA,NA,0.986741889985896,0.420333333333333,"TSS","TSS","Pusillina.inconspicua","invertebrates","RF,XGBOOST,GAM",3
"Pusillina.sarsii","Pusillina sarsii","invertebrates","non-mobile","red","",592,FALSE,1,1,1.09147689633899,"RF, XGBOOST, GAM",592,22188,"run3_invertebrates",NA,NA,0.872295506450455,0.724733333333333,"TSS","TSS","Pusillina.sarsii","invertebrates","RF,XGBOOST,GAM",3
"Pygospio.elegans","Pygospio elegans","invertebrates","non-mobile","green","",5830,FALSE,1,1,1.63930170615514,"RF, XGBOOST, GAM",5830,23008,"run3_invertebrates",NA,NA,0.724217228246649,0.6448,"TSS","TSS","Pygospio.elegans","invertebrates","RF,XGBOOST,GAM",3
"Rangia.cuneata","Rangia cuneata","invertebrates","non-mobile","yellow","Low number of positive cases (presences) in model training data.",41,FALSE,1,1,0.674645743568738,"RF, XGBOOST, GAM",41,644,"run3_invertebrates",NA,NA,0.920930232558139,0.643866666666667,"TSS","TSS","Rangia.cuneata","invertebrates","RF,XGBOOST,GAM",3
"Retusa.obtusa","Retusa obtusa","invertebrates","non-mobile","red","",547,FALSE,1,1,1.1126038383113,"RF, XGBOOST, GAM",547,23104,"run3_invertebrates",NA,NA,0.768190292025436,0.573533333333333,"TSS","TSS","Retusa.obtusa","invertebrates","RF,XGBOOST,GAM",3
"Rhithropanopeus.harrisii","Rhithropanopeus harrisii","invertebrates","non-mobile","red","Low number of positive cases (presences) in model training data.",67,FALSE,1,1,0.727274981074863,"RF, XGBOOST, GAM",67,3770,"run3_invertebrates",NA,NA,0.93395225464191,0.639533333333333,"TSS","TSS","Rhithropanopeus.harrisii","invertebrates","RF,GAM,XGBOOST",3
"Rhodine.gracilior","Rhodine gracilior","invertebrates","non-mobile","green","",1048,FALSE,1,1,1.04031379613611,"RF, XGBOOST, GAM",1048,25438,"run3_invertebrates",NA,NA,0.926839622641509,0.854,"TSS","TSS","Rhodine.gracilior","invertebrates","RF,XGBOOST,GAM",3
"Rhodine.loveni","Rhodine loveni","invertebrates","non-mobile","green","",165,FALSE,1,1,0.804481568336487,"RF, XGBOOST, GAM",165,11820,"run3_invertebrates",NA,NA,0.932641132133518,0.672266666666667,"TSS","TSS","Rhodine.loveni","invertebrates","RF,XGBOOST,GAM",3
"Rissoa.membranacea","Rissoa membranacea","invertebrates","non-mobile","red","",225,FALSE,1,1,0.832225491139624,"RF, XGBOOST, GAM",225,11435,"run3_invertebrates",NA,NA,0.903172521012486,0.671266666666667,"TSS","TSS","Rissoa.membranacea","invertebrates","RF,XGBOOST,GAM",3
"Saduria.entomon","Saduria entomon","invertebrates","non-mobile","green","",2477,FALSE,1,1,1.11720965471533,"RF, XGBOOST, GAM",2477,5133,"run3_invertebrates",NA,NA,0.737474452411161,0.617266666666667,"TSS","TSS","Saduria.entomon","invertebrates","RF,XGBOOST,GAM",3
"Scalibregma.inflatum","Scalibregma inflatum","invertebrates","non-mobile","green","",1763,FALSE,1,1,1.25420625779364,"RF, XGBOOST, GAM",1763,25400,"run3_invertebrates",NA,NA,0.688910352211639,0.582733333333333,"TSS","TSS","Scalibregma.inflatum","invertebrates","RF,XGBOOST,GAM",3
"Scolelepis.foliosa","Scolelepis foliosa","invertebrates","non-mobile","red","Low number of positive cases (presences) in model training data.",110,FALSE,1,1,0.849661769734489,"RF, XGBOOST, GAM",110,14985,"run3_invertebrates",NA,NA,0.945915612582279,0.4992,"TSS","TSS","Scolelepis.foliosa","invertebrates","GAM,RF,XGBOOST",3
"Scolelepis.squamata","Scolelepis squamata","invertebrates","non-mobile","red","Low number of positive cases (presences) in model training data.",71,FALSE,1,1,0.887895135018561,"RF, XGBOOST, GAM",71,15600,"run3_invertebrates",NA,NA,0.770842490842491,0.421266666666667,"TSS","TSS","Scolelepis.squamata","invertebrates","RF,GAM",2
"Scolelepis.tridentata","Scolelepis tridentata","invertebrates","non-mobile","red","Low number of positive cases (presences) in model training data.",54,FALSE,1,1,0.785246839192179,"RF, XGBOOST, GAM",54,13454,"run3_invertebrates",NA,NA,0.882031012465795,0.539733333333333,"TSS","TSS","Scolelepis.tridentata","invertebrates","RF,GAM,XGBOOST",3
"Scoloplos.armiger","Scoloplos armiger","invertebrates","non-mobile","green","",7768,FALSE,1,1,1.56800243384308,"RF, XGBOOST, GAM",7768,21189,"run3_invertebrates",NA,NA,0.707747152532429,0.5832,"TSS","TSS","Scoloplos.armiger","invertebrates","RF,XGBOOST,GAM",3
"Scrobicularia.plana","Scrobicularia plana","invertebrates","non-mobile","green","",276,FALSE,1,1,1.05398562060462,"RF, XGBOOST, GAM",276,22728,"run3_invertebrates",NA,NA,0.803733951925769,0.5672,"TSS","TSS","Scrobicularia.plana","invertebrates","RF,XGBOOST,GAM",3
"Sertularia.cupressina","Sertularia cupressina","invertebrates","non-mobile","yellow","Low number of positive cases (presences) in model training data.",133,FALSE,1,1,0.673637606369125,"RF, XGBOOST, GAM",133,853,"run3_invertebrates",NA,NA,0.853801169590643,0.675666666666667,"TSS","TSS","Sertularia.cupressina","invertebrates","RF,XGBOOST,GAM",3
"Sigalion.mathildae","Sigalion mathildae","invertebrates","non-mobile","red","",335,FALSE,1,1,0.837801936401261,"RF, XGBOOST, GAM",335,21239,"run3_invertebrates",NA,NA,0.982250470809793,0.9094,"TSS","TSS","Sigalion.mathildae","invertebrates","RF,XGBOOST,GAM",3
"Sphaerodorum.gracilis","Sphaerodorum gracilis","invertebrates","non-mobile","yellow","Low number of positive cases (presences) in model training data.",48,FALSE,1,1,0.641437640852398,"RF, XGBOOST, GAM",48,1955,"run3_invertebrates",NA,NA,0.976470588235294,0.798,"TSS","TSS","Sphaerodorum.gracilis","invertebrates","RF,XGBOOST,GAM",3
"Sphaerosyllis.hystrix","Sphaerosyllis hystrix","invertebrates","non-mobile","red","Low number of positive cases (presences) in model training data.",39,FALSE,1,1,0.681252609160211,"RF, XGBOOST, GAM",39,4711,"run3_invertebrates",NA,NA,0.944002123142251,0.629133333333333,"TSS","TSS","Sphaerosyllis.hystrix","invertebrates","RF,XGBOOST,GAM",3
"Spio.armata","Spio armata","invertebrates","non-mobile","yellow","Low number of positive cases (presences) in model training data.",67,FALSE,1,1,0.81139570388529,"RF, XGBOOST, GAM",67,13187,"run3_invertebrates",NA,NA,0.902021527960095,0.523733333333333,"TSS","TSS","Spio.armata","invertebrates","RF,GAM,XGBOOST",3
"Spio.arndti","Spio arndti","invertebrates","non-mobile","yellow","Low number of positive cases (presences) in model training data.",71,FALSE,1,1,0.656170914702945,"RF, XGBOOST, GAM",71,874,"run3_invertebrates",NA,NA,0.774857142857143,0.4412,"TSS","TSS","Spio.arndti","invertebrates","RF,GAM",2
"Spio.filicornis","Spio filicornis","invertebrates","non-mobile","green","",1412,FALSE,1,1,1.22081232468287,"RF, XGBOOST, GAM",1412,22871,"run3_invertebrates",NA,NA,0.724079673268893,0.604466666666667,"TSS","TSS","Spio.filicornis","invertebrates","RF,XGBOOST,GAM",3
"Spio.goniocephala","Spio goniocephala","invertebrates","non-mobile","green","",341,FALSE,1,1,0.840760409765773,"RF, XGBOOST, GAM",341,12181,"run3_invertebrates",NA,NA,0.938317395923887,0.789666666666667,"TSS","TSS","Spio.goniocephala","invertebrates","RF,XGBOOST,GAM",3
"Spio.martinensis","Spio martinensis","invertebrates","non-mobile","red","Low number of positive cases (presences) in model training data.",69,FALSE,1,1,0.887068944440948,"RF, XGBOOST, GAM",69,14486,"run3_invertebrates",NA,NA,0.79808669066522,0.464533333333333,"TSS","TSS","Spio.martinensis","invertebrates","RF,GAM,XGBOOST",3
"Spiophanes.bombyx","Spiophanes bombyx","invertebrates","non-mobile","green","",1690,FALSE,1,1,1.14138694253233,"RF, XGBOOST, GAM",1690,22739,"run3_invertebrates",NA,NA,0.851746004486009,0.785866666666667,"TSS","TSS","Spiophanes.bombyx","invertebrates","RF,XGBOOST,GAM",3
"Spiophanes.kroyeri","Spiophanes kroyeri","invertebrates","non-mobile","red","",565,FALSE,1,1,0.957746868663364,"RF, XGBOOST, GAM",565,19936,"run3_invertebrates",NA,NA,0.922571809708988,0.841666666666667,"TSS","TSS","Spiophanes.kroyeri","invertebrates","RF,XGBOOST,GAM",3
"Spirorbis.corallinae","Spirorbis corallinae","invertebrates","non-mobile","yellow","Low number of positive cases (presences) in model training data.",23,FALSE,1,1,0.677638304167324,"RF, XGBOOST, GAM",23,887,"run3_invertebrates",NA,NA,0.943502824858757,0.739133333333333,"TSS","TSS","Spirorbis.corallinae","invertebrates","RF,XGBOOST,GAM",3
"Spisula.subtruncata","Spisula subtruncata","invertebrates","non-mobile","green","",745,FALSE,1,1,1.14302062445217,"RF, XGBOOST, GAM",745,23952,"run3_invertebrates",NA,NA,0.780467977189615,0.4996,"TSS","TSS","Spisula.subtruncata","invertebrates","RF,XGBOOST,GAM",3
"Streblospio.shrubsolii","Streblospio shrubsolii","invertebrates","non-mobile","green","",744,FALSE,1,1,1.14279282391071,"RF, XGBOOST, GAM",744,23860,"run3_invertebrates",NA,NA,0.754038940801206,0.61,"TSS","TSS","Streblospio.shrubsolii","invertebrates","RF,XGBOOST,GAM",3
"Streptosyllis.websteri","Streptosyllis websteri","invertebrates","non-mobile","red","Low number of positive cases (presences) in model training data.",108,FALSE,1,1,0.80045038441817,"RF, XGBOOST, GAM",108,10608,"run3_invertebrates",NA,NA,0.81882443663782,0.452933333333333,"TSS","TSS","Streptosyllis.websteri","invertebrates","GAM,RF,XGBOOST",3
"Synchelidium.haplocheles","Synchelidium haplocheles","invertebrates","non-mobile","red","Low number of positive cases (presences) in model training data.",88,FALSE,1,1,0.870731369720565,"RF, XGBOOST, GAM",88,15044,"run3_invertebrates",NA,NA,0.907588346072892,0.518866666666667,"TSS","TSS","Synchelidium.haplocheles","invertebrates","RF,XGBOOST,GAM",3
"Tanaissus.lilljeborgi","Tanaissus lilljeborgi","invertebrates","non-mobile","green","",154,FALSE,1,1,0.854382462766435,"RF, XGBOOST, GAM",154,16631,"run3_invertebrates",NA,NA,0.908115919539115,0.5798,"TSS","TSS","Tanaissus.lilljeborgi","invertebrates","RF,GAM,XGBOOST",3
"Tellimya.ferruginosa","Tellimya ferruginosa","invertebrates","non-mobile","green","",706,FALSE,1,1,1.14710242443615,"RF, XGBOOST, GAM",706,24359,"run3_invertebrates",NA,NA,0.798799042727876,0.689666666666667,"TSS","TSS","Tellimya.ferruginosa","invertebrates","RF,XGBOOST,GAM",3
"Tellimya.tenella","Tellimya tenella","invertebrates","non-mobile","yellow","Low number of positive cases (presences) in model training data.",91,FALSE,1,1,0.728582825859388,"RF, XGBOOST, GAM",91,4809,"run3_invertebrates",NA,NA,0.968814968814969,0.683333333333333,"TSS","TSS","Tellimya.tenella","invertebrates","RF,XGBOOST,GAM",3
"Terebellides.stroemii","Terebellides stroemii","invertebrates","non-mobile","green","",682,FALSE,1,1,0.767596841653188,"RF, XGBOOST, GAM",682,4101,"run3_invertebrates",NA,NA,0.866886657101865,0.7852,"TSS","TSS","Terebellides.stroemii","invertebrates","RF,XGBOOST,GAM",3
"Tharyx.killariensis","Tharyx killariensis","invertebrates","non-mobile","yellow","Low number of positive cases (presences) in model training data.",89,FALSE,1,1,0.725853473345439,"RF, XGBOOST, GAM",89,6545,"run3_invertebrates",NA,NA,0.715100585688821,0.429533333333333,"TSS","TSS","Tharyx.killariensis","invertebrates","GAM,RF",2
"Theodoxus.fluviatilis","Theodoxus fluviatilis","invertebrates","non-mobile","green","",861,FALSE,1,1,1.0500482619471,"RF, XGBOOST, GAM",861,21293,"run3_invertebrates",NA,NA,0.916224738856703,0.849333333333333,"TSS","TSS","Theodoxus.fluviatilis","invertebrates","RF,XGBOOST,GAM",3
"Thracia.phaseolina","Thracia phaseolina","invertebrates","non-mobile","green","",1000,FALSE,1,1,1.14775744080544,"RF, XGBOOST, GAM",1000,22988,"run3_invertebrates",NA,NA,0.796809482383645,0.6512,"TSS","TSS","Thracia.phaseolina","invertebrates","RF,XGBOOST,GAM",3
"Thyasira.flexuosa","Thyasira flexuosa","invertebrates","non-mobile","green","",2197,FALSE,1,1,1.15501205947664,"RF, XGBOOST, GAM",2197,24135,"run3_invertebrates",NA,NA,0.829974238492383,0.780266666666667,"TSS","TSS","Thyasira.flexuosa","invertebrates","RF,XGBOOST,GAM",3
"Thysanocardia.procera","Thysanocardia procera","invertebrates","non-mobile","red","Low number of positive cases (presences) in model training data.",52,FALSE,1,1,0.701008736689886,"RF, XGBOOST, GAM",52,4247,"run3_invertebrates",NA,NA,0.983745583038869,0.835733333333333,"TSS","TSS","Thysanocardia.procera","invertebrates","RF,XGBOOST,GAM",3
"Travisia.forbesii","Travisia forbesii","invertebrates","non-mobile","red","",306,FALSE,1,1,0.99856980337037,"RF, XGBOOST, GAM",306,20487,"run3_invertebrates",NA,NA,0.91361291948927,0.67,"TSS","TSS","Travisia.forbesii","invertebrates","RF,XGBOOST,GAM",3
"Trichobranchus.roseus","Trichobranchus roseus","invertebrates","non-mobile","green","",344,FALSE,1,1,0.904867843588193,"RF, XGBOOST, GAM",344,21645,"run3_invertebrates",NA,NA,0.95402091054265,0.850933333333333,"TSS","TSS","Trichobranchus.roseus","invertebrates","RF,XGBOOST,GAM",3
"Tritia.reticulata","Tritia reticulata","invertebrates","non-mobile","red","",252,FALSE,1,1,0.745241113901138,"RF, XGBOOST, GAM",252,4221,"run3_invertebrates",NA,NA,0.780274881516588,0.458333333333333,"TSS","TSS","Tritia.reticulata","invertebrates","XGBOOST,GAM,RF",3
"Trochochaeta.multisetosa","Trochochaeta multisetosa","invertebrates","non-mobile","green","",984,FALSE,1,1,1.21753670387798,"RF, XGBOOST, GAM",984,24754,"run3_invertebrates",NA,NA,0.666412056427097,0.4924,"TSS","TSS","Trochochaeta.multisetosa","invertebrates","RF,XGBOOST,GAM",3
"Tubificoides.benedii","Tubificoides benedii","invertebrates","non-mobile","green","",4087,FALSE,1,1,1.45043349001143,"RF, XGBOOST, GAM",4087,20557,"run3_invertebrates",NA,NA,0.625518245671597,0.496333333333333,"TSS","TSS","Tubificoides.benedii","invertebrates","RF,XGBOOST,GAM",3
"Tubificoides.pseudogaster","Tubificoides pseudogaster","invertebrates","non-mobile","yellow","Low number of positive cases (presences) in model training data.",16,FALSE,1,1,0.606383314993646,"RF, XGBOOST, GAM",16,456,"run3_invertebrates",NA,NA,0.982417582417582,0.777666666666667,"TSS","TSS","Tubificoides.pseudogaster","invertebrates","RF,XGBOOST,GAM",3
"Tubulanus.polymorphus","Tubulanus polymorphus","invertebrates","non-mobile","green","",191,FALSE,1,1,0.693906265828345,"RF, XGBOOST, GAM",191,1598,"run3_invertebrates",NA,NA,0.866118421052632,0.6626,"TSS","TSS","Tubulanus.polymorphus","invertebrates","RF,XGBOOST,GAM",3
"Turritella.communis","Turritella communis","invertebrates","non-mobile","green","",645,FALSE,1,1,1.09064269191689,"RF, XGBOOST, GAM",645,23760,"run3_invertebrates",NA,NA,0.918128964059197,0.853,"TSS","TSS","Turritella.communis","invertebrates","RF,XGBOOST,GAM",3
"Upogebia.deltaura","Upogebia deltaura","invertebrates","non-mobile","yellow","Low number of positive cases (presences) in model training data.",34,FALSE,1,1,0.73592346198029,"RF, XGBOOST, GAM",34,11401,"run3_invertebrates",NA,NA,0.881917293233083,0.466466666666667,"TSS","TSS","Upogebia.deltaura","invertebrates","GAM,RF,XGBOOST",3
"Upogebia.stellata","Upogebia stellata","invertebrates","non-mobile","red","Low number of positive cases (presences) in model training data.",51,FALSE,1,1,0.758866220050388,"RF, XGBOOST, GAM",51,14692,"run3_invertebrates",NA,NA,0.927597004765146,0.606133333333333,"TSS","TSS","Upogebia.stellata","invertebrates","RF,GAM,XGBOOST",3
"Urothoe.elegans","Urothoe elegans","invertebrates","non-mobile","red","Low number of positive cases (presences) in model training data.",45,FALSE,1,1,0.761273950801955,"RF, XGBOOST, GAM",45,13661,"run3_invertebrates",NA,NA,0.969472913616398,0.662066666666667,"TSS","TSS","Urothoe.elegans","invertebrates","RF,GAM,XGBOOST",3
"Urothoe.grimaldii","Urothoe grimaldii","invertebrates","non-mobile","red","",191,FALSE,1,1,0.810296292172538,"RF, XGBOOST, GAM",191,20234,"run3_invertebrates",NA,NA,0.978996787744008,0.865866666666667,"TSS","TSS","Urothoe.grimaldii","invertebrates","RF,XGBOOST,GAM",3
"Virgularia.mirabilis","Virgularia mirabilis","invertebrates","non-mobile","green","",155,FALSE,1,1,0.908211029966672,"RF, XGBOOST, GAM",155,21207,"run3_invertebrates",NA,NA,0.896900457135034,0.6016,"TSS","TSS","Virgularia.mirabilis","invertebrates","RF,XGBOOST,GAM",3
"Walkeria.uva","Walkeria uva","invertebrates","non-mobile","red","Low number of positive cases (presences) in model training data.",50,FALSE,1,1,0.663551128639115,"RF, XGBOOST, GAM",50,837,"run3_invertebrates",NA,NA,0.800119760479042,0.4744,"TSS","TSS","Walkeria.uva","invertebrates","GAM,RF,XGBOOST",3
"Westwoodilla.caecula","Westwoodilla caecula","invertebrates","non-mobile","green","",187,FALSE,1,1,0.963972339166535,"RF, XGBOOST, GAM",187,20550,"run3_invertebrates",NA,NA,0.88262905241007406,0.6464,"TSS","TSS","Westwoodilla.caecula","invertebrates","RF,XGBOOST,GAM",3
